-- phpMyAdmin SQL Dump
-- version 3.3.9
-- http://www.phpmyadmin.net
--
-- Host: localhost
-- Generation Time: Jan 23, 2015 at 07:39 AM
-- Server version: 5.5.8
-- PHP Version: 5.3.5

SET SQL_MODE="NO_AUTO_VALUE_ON_ZERO";


/*!40101 SET @OLD_CHARACTER_SET_CLIENT=@@CHARACTER_SET_CLIENT */;
/*!40101 SET @OLD_CHARACTER_SET_RESULTS=@@CHARACTER_SET_RESULTS */;
/*!40101 SET @OLD_COLLATION_CONNECTION=@@COLLATION_CONNECTION */;
/*!40101 SET NAMES utf8 */;

--
-- Database: `dezmem`
--

-- --------------------------------------------------------

--
-- Table structure for table `master_countries`
--

CREATE TABLE IF NOT EXISTS `master_countries` (
  `country_id` int(11) NOT NULL AUTO_INCREMENT,
  `country_name` varchar(100) NOT NULL,
  `country_short_name` varchar(50) NOT NULL,
  PRIMARY KEY (`country_id`)
) ENGINE=InnoDB  DEFAULT CHARSET=latin1 AUTO_INCREMENT=242 ;

--
-- Dumping data for table `master_countries`
--

INSERT INTO `master_countries` (`country_id`, `country_name`, `country_short_name`) VALUES
(1, 'Afghanistan', 'AF'),
(2, '&Aring;land Islands', 'AX'),
(3, 'Albania', 'AL'),
(4, 'Algeria', 'DZ'),
(5, 'American Samoa', 'AS'),
(6, 'Andorra', 'AD'),
(7, 'Angola', 'AO'),
(8, 'Anguilla', 'AI'),
(9, 'Antarctica', 'AQ'),
(10, 'Antigua and Barbuda', 'AG'),
(11, 'Argentina', 'AR'),
(12, 'Armenia', 'AM'),
(13, 'Aruba', 'AW'),
(14, 'Australia', 'AU'),
(15, 'Austria', 'AT'),
(16, 'Azerbaijan', 'AZ'),
(17, 'Bahamas', 'BS'),
(18, 'Bahrain', 'BH'),
(19, 'Bangladesh', 'BD'),
(20, 'Barbados', 'BB'),
(21, 'Belarus', 'BY'),
(22, 'Belgium', 'BE'),
(23, 'Belize', 'BZ'),
(24, 'Benin', 'BJ'),
(25, 'Bermuda', 'BM'),
(26, 'Bhutan', 'BT'),
(27, 'Bolivia', 'BO'),
(28, 'Bosnia and Herzegovina', 'BA'),
(29, 'Botswana', 'BW'),
(30, 'Bouvet Island', 'BV'),
(31, 'Brazil', 'BR'),
(32, 'British Indian Ocean territory', 'IO'),
(33, 'Brunei Darussalam', 'BN'),
(34, 'Bulgaria', 'BG'),
(35, 'Burkina Faso', 'BF'),
(36, 'Burundi', 'BI'),
(37, 'Cambodia', 'KH'),
(38, 'Cameroon', 'CM'),
(39, 'Canada', 'CA'),
(40, 'Cape Verde', 'CV'),
(41, 'Cayman Islands', 'KY'),
(42, 'Central African Republic', 'CF'),
(43, 'Chad', 'TD'),
(44, 'Chile', 'CL'),
(45, 'China', 'CN'),
(46, 'Christmas Island', 'CX'),
(47, 'Cocos (Keeling) Islands', 'CC'),
(48, 'Colombia', 'CO'),
(49, 'Comoros', 'KM'),
(50, 'Congo', 'CG'),
(51, 'South Sudan', 'SS'),
(52, 'Zaire', 'ZR'),
(53, 'Cook Islands', 'CK'),
(54, 'Costa Rica', 'CR'),
(55, 'Ivoire (Ivory Coast)', 'CI'),
(56, 'Croatia (Hrvatska)', 'HR'),
(57, 'Cuba', 'CU'),
(58, 'Cyprus', 'CY'),
(59, 'Czech Republic', 'CZ'),
(60, 'Denmark', 'DK'),
(61, 'Djibouti', 'DJ'),
(62, 'Dominica', 'DM'),
(63, 'Dominican Republic', 'DO'),
(64, 'East Timor', 'TP'),
(65, 'Ecuador', 'EC'),
(66, 'Egypt', 'EG'),
(67, 'El Salvador', 'SV'),
(68, 'Equatorial Guinea', 'GQ'),
(69, 'Eritrea', 'ER'),
(70, 'Estonia', 'EE'),
(71, 'Ethiopia', 'ET'),
(72, 'Falkland Islands', 'FK'),
(73, 'Faroe Islands', 'FO'),
(74, 'Fiji', 'FJ'),
(75, 'Finland', 'FI'),
(76, 'France', 'FR'),
(77, 'French Guiana', 'GF'),
(78, 'French Polynesia', 'PF'),
(79, 'French Southern Territories', 'TF'),
(80, 'Gabon', 'GA'),
(81, 'Gambia', 'GM'),
(82, 'Georgia', 'GE'),
(83, 'Germany', 'DE'),
(84, 'Ghana', 'GH'),
(85, 'Gibraltar', 'GI'),
(86, 'Greece', 'GR'),
(87, 'Greenland', 'GL'),
(88, 'Grenada', 'GD'),
(89, 'Guadeloupe', 'GP'),
(90, 'Guam', 'GU'),
(91, 'Guatemala', 'GT'),
(92, 'Guinea', 'GN'),
(93, 'Guinea-Bissau', 'GW'),
(94, 'Guyana', 'GY'),
(95, 'Haiti', 'HT'),
(96, 'Heard and McDonald Islands', 'HM'),
(97, 'Honduras', 'HN'),
(98, 'Hong Kong', 'HK'),
(99, 'Hungary', 'HU'),
(100, 'Iceland', 'IS'),
(101, 'India', 'IN'),
(102, 'Indonesia', 'ID'),
(103, 'Iran', 'IR'),
(104, 'Iraq', 'IQ'),
(105, 'Ireland', 'IE'),
(106, 'Israel', 'IL'),
(107, 'Italy', 'IT'),
(108, 'Jamaica', 'JM'),
(109, 'Japan', 'JP'),
(110, 'Jordan', 'JO'),
(111, 'Kazakhstan', 'KZ'),
(112, 'Kenya', 'KE'),
(113, 'Kiribati', 'KI'),
(114, 'Korea (north)', 'KP'),
(115, 'Korea (south)', 'KR'),
(116, 'Kuwait', 'KW'),
(117, 'Kyrgyzstan', 'KG'),
(118, 'Lao People''s Democratic Republic', 'LA'),
(119, 'Latvia', 'LV'),
(120, 'Lebanon', 'LB'),
(121, 'Lesotho', 'LS'),
(122, 'Liberia', 'LR'),
(123, 'Libyan Arab Jamahiriya', 'LY'),
(124, 'Liechtenstein', 'LI'),
(125, 'Lithuania', 'LT'),
(126, 'Luxembourg', 'LU'),
(127, 'Macao', 'MO'),
(128, 'Macedonia', 'MK'),
(129, 'Madagascar', 'MG'),
(130, 'Malawi', 'MW'),
(131, 'Malaysia', 'MY'),
(132, 'Maldives', 'MV'),
(133, 'Mali', 'ML'),
(134, 'Malta', 'MT'),
(135, 'Marshall Islands', 'MH'),
(136, 'Martinique', 'MQ'),
(137, 'Mauritania', 'MR'),
(138, 'Mauritius', 'MU'),
(139, 'Mayotte', 'YT'),
(140, 'Mexico', 'MX'),
(141, 'Micronesia', 'FM'),
(142, 'Moldova', 'MD'),
(143, 'Monaco', 'MC'),
(144, 'Mongolia', 'MN'),
(145, 'Montserrat', 'MS'),
(146, 'Morocco', 'MA'),
(147, 'Mozambique', 'MZ'),
(148, 'Myanmar', 'MM'),
(149, 'Namibia', 'NA'),
(150, 'Nauru', 'NR'),
(151, 'Nepal', 'NP'),
(152, 'Netherlands', 'NL'),
(153, 'Netherlands Antilles', 'AN'),
(154, 'New Caledonia', 'NC'),
(155, 'New Zealand', 'NZ'),
(156, 'Nicaragua', 'NI'),
(157, 'Niger', 'NE'),
(158, 'Nigeria', 'NG'),
(159, 'Niue', 'NU'),
(160, 'Norfolk Island', 'NF'),
(161, 'Northern Mariana Islands', 'MP'),
(162, 'Norway', 'NO'),
(163, 'Oman', 'OM'),
(164, 'Pakistan', 'PK'),
(165, 'Palau', 'PW'),
(166, 'Palestinian Territories', 'PS'),
(167, 'Panama', 'PA'),
(168, 'Papua New Guinea', 'PG'),
(169, 'Paraguay', 'PY'),
(170, 'Peru', 'PE'),
(171, 'Philippines', 'PH'),
(172, 'Pitcairn', 'PN'),
(173, 'Poland', 'PL'),
(174, 'Portugal', 'PT'),
(175, 'Puerto Rico', 'PR'),
(176, 'Qatar', 'QA'),
(177, 'Reacute union', 'RE'),
(178, 'Romania', 'RO'),
(179, 'Russian Federation', 'RU'),
(180, 'Rwanda', 'RW'),
(181, 'Saint Helena', 'SH'),
(182, 'Saint Kitts and Nevis', 'KN'),
(183, 'Saint Lucia', 'LC'),
(184, 'Saint Pierre and Miquelon', 'PM'),
(185, 'Saint Vincent and the Grenadines', 'VC'),
(186, 'Samoa', 'WS'),
(187, 'San Marino', 'SM'),
(188, 'Sao Tome and Principe', 'ST'),
(189, 'Saudi Arabia', 'SA'),
(190, 'Senegal', 'SN'),
(191, 'Serbia and Montenegro', 'RS'),
(192, 'Seychelles', 'SC'),
(193, 'Sierra Leone', 'SL'),
(194, 'Singapore', 'SG'),
(195, 'Slovakia', 'SK'),
(196, 'Slovenia', 'SI'),
(197, 'Solomon Islands', 'SB'),
(198, 'Somalia', 'SO'),
(199, 'South Africa', 'ZA'),
(200, 'South Georgia and the South Sandwich Islands', 'GS'),
(201, 'Spain', 'ES'),
(202, 'Sri Lanka', 'LK'),
(203, 'Sudan', 'SD'),
(204, 'Suriname', 'SR'),
(205, 'Svalbard and Jan Mayen Islands', 'SJ'),
(206, 'Swaziland', 'SZ'),
(207, 'Sweden', 'SE'),
(208, 'Switzerland', 'CH'),
(209, 'Syria', 'SY'),
(210, 'Taiwan', 'TW'),
(211, 'Tajikistan', 'TJ'),
(212, 'Tanzania', 'TZ'),
(213, 'Thailand', 'TH'),
(214, 'Togo', 'TG'),
(215, 'Tokelau', 'TK'),
(216, 'Tonga', 'TO'),
(217, 'Trinidad and Tobago', 'TT'),
(218, 'Tunisia', 'TN'),
(219, 'Turkey', 'TR'),
(220, 'Turkmenistan', 'TM'),
(221, 'Turks and Caicos Islands', 'TC'),
(222, 'Tuvalu', 'TV'),
(223, 'Uganda', 'UG'),
(224, 'Ukraine', 'UA'),
(225, 'United Arab Emirates', 'AE'),
(226, 'United Kingdom', 'GB'),
(227, 'United States of America', 'US'),
(228, 'Uruguay', 'UY'),
(229, 'Uzbekistan', 'UZ'),
(230, 'Vanuatu', 'VU'),
(231, 'Vatican City(Holy See)', 'VA'),
(232, 'Venezuela', 'VE'),
(233, 'Vietnam', 'VN'),
(234, 'Virgin Islands (British)', 'VG'),
(235, 'Virgin Islands (US)', 'VI'),
(236, 'Wallis and Futuna Islands', 'WF'),
(237, 'Western Sahara', 'EH'),
(238, 'Yemen', 'YE'),
(239, 'Congo Democratic Republic', 'CD'),
(240, 'Zambia', 'ZM'),
(241, 'Zimbabwe', 'ZW');

-- --------------------------------------------------------

--
-- Table structure for table `master_locations`
--

CREATE TABLE IF NOT EXISTS `master_locations` (
  `location_id` int(11) NOT NULL AUTO_INCREMENT,
  `country_id` int(11) NOT NULL,
  `location_name` varchar(100) CHARACTER SET utf8 COLLATE utf8_unicode_ci NOT NULL,
  PRIMARY KEY (`location_id`)
) ENGINE=InnoDB  DEFAULT CHARSET=latin1 AUTO_INCREMENT=4496 ;

--
-- Dumping data for table `master_locations`
--

INSERT INTO `master_locations` (`location_id`, `country_id`, `location_name`) VALUES
(1, 226, 'Archway'),
(2, 226, 'Bounds Green'),
(3, 226, 'Bethnal Green'),
(4, 226, 'Clapton'),
(5, 226, 'Camden'),
(6, 226, 'Camden Town'),
(7, 226, 'Caledonia Road'),
(8, 226, 'Dalston'),
(9, 226, 'Edmonton'),
(10, 226, 'Enfield'),
(11, 226, 'Finsbury Park'),
(12, 226, 'Hackney'),
(13, 226, 'Hoxton'),
(14, 226, 'Hornsey'),
(15, 226, 'Homerton'),
(16, 226, 'Haringey'),
(17, 226, 'Highbury'),
(18, 226, 'Holloway'),
(19, 226, 'Islington'),
(20, 226, 'Leyton'),
(21, 226, 'Leytonstone'),
(22, 226, 'Manor House'),
(23, 226, 'Newington Green'),
(24, 226, 'Ponders End'),
(25, 226, 'Palmers Green'),
(26, 226, 'Stoke Newington'),
(27, 226, 'Shoreditch'),
(28, 226, 'Seven Sisters'),
(29, 226, 'Stamford Hill'),
(30, 226, 'Tottenham'),
(31, 226, 'Turnpike Lane'),
(32, 226, 'Wood Green'),
(33, 226, 'E2'),
(34, 226, 'E5'),
(35, 226, 'E8,E9'),
(36, 226, 'N1'),
(37, 226, 'N5'),
(38, 226, 'N7'),
(39, 226, 'N16'),
(40, 226, 'Walthamstow'),
(41, 226, 'Hackney Fields'),
(42, 226, 'Barnet'),
(43, 19, 'Dhaka'),
(44, 19, 'Chittagong'),
(45, 19, 'Sylhet'),
(46, 19, 'Rajshahi'),
(47, 227, 'New York'),
(48, 227, 'Illinois'),
(49, 227, 'Florida'),
(50, 227, 'Kansas'),
(51, 227, 'Kentucky'),
(52, 227, 'California'),
(53, 227, 'Pennsylvania'),
(54, 227, 'Texas'),
(55, 227, 'New Mexico'),
(56, 227, 'South Dakota'),
(57, 227, 'Georgia'),
(58, 227, 'Michigan'),
(59, 227, 'Massachusetts'),
(60, 227, 'Louisiana'),
(61, 227, 'Minnesota'),
(62, 227, 'New Jersey'),
(63, 227, 'North Carolina'),
(64, 227, 'Oklahoma'),
(65, 227, 'Maryland'),
(66, 227, 'Colorado'),
(67, 227, 'Nebraska'),
(68, 227, 'New Hampshire'),
(69, 227, 'Wyoming'),
(70, 227, 'Arkansas'),
(71, 227, 'Wisconsin'),
(72, 227, 'Indiana'),
(73, 227, 'South Carolina'),
(74, 227, 'Iowa'),
(75, 227, 'Alabama'),
(76, 227, 'Missouri'),
(77, 227, 'Virginia'),
(78, 227, 'Ohio'),
(79, 227, 'Washington'),
(80, 227, 'Idaho'),
(81, 227, 'Colorado (near Denver)'),
(82, 227, 'Tennessee'),
(83, 227, 'Oregon'),
(84, 227, 'North Dakota'),
(85, 227, 'Wisconsin near Appleton'),
(86, 227, 'Maine'),
(87, 227, 'near Asheville'),
(88, 227, 'Arizona (near Tucson)'),
(89, 227, 'Arizona'),
(90, 227, 'Nevada'),
(91, 227, 'Utah'),
(92, 227, 'Connecticut (near Hartford)'),
(93, 227, 'Connecticut'),
(94, 227, 'Montana'),
(95, 227, 'Rhode Island'),
(96, 227, 'Mississippi'),
(97, 227, 'West Virginia'),
(98, 227, 'Texas (near Beaumont & Port Arthur)'),
(99, 227, 'Vermont'),
(100, 227, 'DC'),
(101, 227, 'South Carolina (near Columbia)'),
(102, 227, 'Ohio (near Canton)'),
(103, 227, 'Illinois (Champaign-Urbana area)'),
(104, 227, 'Illinois (near St. Louis, Missouri)'),
(105, 227, 'Kentucky '),
(106, 227, 'Virginia '),
(107, 227, 'Delaware'),
(108, 227, 'Michigan near Detroit'),
(109, 227, 'Colorado (near Vail)'),
(110, 227, 'New York (near Elmira & Corning)'),
(111, 227, 'Pennsylvania (suburb of Pittsburgh)'),
(112, 227, 'Maine converted to civilian use see KBXM'),
(113, 227, 'FL'),
(114, 227, 'Camp Pendleton'),
(115, 1, 'Oruzgan'),
(116, 104, 'Al Diwaniyah'),
(117, 104, 'Babil'),
(118, 104, 'Al Anbar'),
(119, 104, 'Taji'),
(120, 104, 'Camp Victory (BIAP)'),
(121, 116, 'Camp Arifjan'),
(122, 104, 'Mosul'),
(123, 104, 'Baghdad'),
(124, 1, 'FOB Salerno'),
(125, 1, 'Balkh'),
(126, 116, 'Ali Al Salem AB'),
(127, 225, 'Abu Dhabi'),
(128, 176, 'Doha'),
(129, 1, 'Paktika'),
(130, 1, 'Nangarhar'),
(131, 104, 'Camp Fallujah'),
(132, 104, 'Anbar'),
(133, 104, 'Al-Anbar'),
(134, 86, 'Crete'),
(135, 107, 'Southern Italy'),
(136, 107, 'Sicily'),
(137, 100, 'Reykjanes'),
(138, 104, 'Husaybah'),
(139, 1, 'Ghazni'),
(140, 1, 'Bagram'),
(141, 109, 'Misawa'),
(142, 109, 'Kanagawa'),
(143, 104, 'Tal Afar'),
(144, 104, 'Balad'),
(145, 104, 'Kirkuk'),
(146, 116, 'Camp Buehring'),
(147, 178, 'Faurei'),
(148, 197, 'Afutara'),
(149, 197, 'Ulawa Island'),
(150, 197, 'Malaita'),
(151, 197, 'Barakoma'),
(152, 197, 'Batuna'),
(153, 197, 'Geva'),
(154, 197, 'Auki'),
(155, 197, 'Bellona/Anua'),
(156, 197, 'Taro Island'),
(157, 197, 'Mbambanakira'),
(158, 197, 'Shortland Island'),
(159, 197, 'Santa Isabel Island'),
(160, 197, 'Guadalcanal'),
(161, 197, 'Babanakira'),
(162, 197, 'Avu Avu'),
(163, 197, 'Kirakira'),
(164, 197, 'Santa Cruz Island'),
(165, 197, 'New Georgia Island'),
(166, 197, 'Gizo Island'),
(167, 197, 'Mono Island'),
(168, 197, 'Marau Sound'),
(169, 197, 'Ontong Java'),
(170, 197, 'Rennell Island'),
(171, 197, 'Seghe'),
(172, 197, 'Santa Ana'),
(173, 197, 'Marau'),
(174, 197, 'Suavanao'),
(175, 197, 'Yandina'),
(176, 197, 'Isuna'),
(177, 197, 'Kaghau'),
(178, 197, 'Kukudu'),
(179, 197, 'Gatokae'),
(180, 197, 'Ringi Cove'),
(181, 197, 'Ramata'),
(182, 150, 'Yaren'),
(183, 168, 'Buka'),
(184, 168, 'Kundiawa'),
(185, 168, 'Daru'),
(186, 168, 'Alotau'),
(187, 168, 'Popondetta'),
(188, 168, 'Hoskins'),
(189, 197, 'Kiriwini'),
(190, 168, 'Kiunga'),
(191, 168, 'Kikori'),
(192, 168, 'Kerema'),
(193, 168, 'Kieta'),
(194, 168, 'Kavieng'),
(195, 168, 'Kunaye'),
(196, 168, 'Lae'),
(197, 168, 'Madang'),
(198, 168, 'Mount Hagen'),
(199, 168, 'Mendi'),
(200, 168, 'Manus Island'),
(201, 168, 'Moro'),
(202, 168, 'Misima'),
(203, 168, 'Lae / Nadzab'),
(204, 168, 'Port Moresby'),
(205, 168, 'New Britain'),
(206, 168, 'Tari'),
(207, 168, 'Tabubil'),
(208, 168, 'Rabaul / Tokua'),
(209, 168, 'Vanimo'),
(210, 168, 'Wapenamanda'),
(211, 168, 'Wewak'),
(212, 87, 'Aasiaat'),
(213, 87, 'Qaasuitsup'),
(214, 87, 'Akunnaaq'),
(215, 87, 'Tasiilaq'),
(216, 87, 'Alluitsup Paa'),
(217, 87, 'Kujalleq'),
(218, 87, 'Arsuk'),
(219, 87, 'Ammassivik'),
(220, 87, 'Attu'),
(221, 87, 'Narsarsuaq'),
(222, 87, 'Qasigiannguit'),
(223, 87, 'Jameson Land'),
(224, 87, 'Eqalugaarsuit'),
(225, 87, 'Narsaq Kujalleq'),
(226, 87, 'Kangilinnguit (Gronnedal)'),
(227, 87, 'Nuuk (Godthab )'),
(228, 87, 'Qeqertarsuaq (Godhavn)'),
(229, 87, 'Ikerasak'),
(230, 87, 'Iginniarfik'),
(231, 87, 'Ikerasaarsuk'),
(232, 87, 'Ilimanaq'),
(233, 87, 'Innarsuit'),
(234, 87, 'Isortoq'),
(235, 87, 'Ikamiut'),
(236, 87, 'Qaqortoq (Julianehab)'),
(237, 87, 'Ilulissat (Jakobshavn)'),
(238, 87, 'Kangaatsiaq'),
(239, 87, 'Kulusuk'),
(240, 87, 'Upernavik Kujalleq'),
(241, 87, 'Kuummiit'),
(242, 87, 'Kullorsuaq'),
(243, 87, 'Kangersuatsiaq'),
(244, 87, 'Kitsissuarsuit'),
(245, 87, 'Illorsuit'),
(246, 87, 'Moriusaq'),
(247, 87, 'Maniitsoq (Sukkertoppen)'),
(248, 87, 'Niaqornaarsuk'),
(249, 87, 'Nalunaq'),
(250, 87, 'Nanortalik'),
(251, 87, 'Nuugaatsiaq'),
(252, 87, 'Narsaq'),
(253, 87, 'Niaqornat'),
(254, 87, 'Nuussuaq'),
(255, 87, 'Paamiut (Frederikshab)'),
(256, 87, 'Qeqertaq'),
(257, 87, 'Qaanaaq'),
(258, 87, 'Qassimiut'),
(259, 87, 'Ittoqqortoormiit (Scoresbysund)'),
(260, 87, 'Kangerlussuaq (Sondre Stromfjord)'),
(261, 87, 'Sermiligaaq'),
(262, 87, 'Siorapaluk'),
(263, 87, 'Saqqaq'),
(264, 87, 'Sisimiut (Holsteinsborg)'),
(265, 87, 'Saattut'),
(266, 87, 'Savissivik'),
(267, 87, 'Tiniteqilaaq'),
(268, 87, 'Upernavik'),
(269, 87, 'Uummannaq'),
(270, 87, 'Qaarsut'),
(271, 87, 'Ukkusissat'),
(272, 100, 'Akureyri'),
(273, 100, 'Bakki'),
(274, 100, 'Bildudalur'),
(275, 100, ' Bakkafjorour'),
(276, 100, 'Blonduos'),
(277, 100, 'Djupivogur'),
(278, 100, 'Egilsstair'),
(279, 100, 'Gjogur '),
(280, 100, 'Grimsey'),
(281, 100, 'Hornafjordur'),
(282, 100, 'Husavik '),
(283, 100, 'Isafjorour'),
(284, 100, 'Keflavik'),
(285, 100, 'Kopasker'),
(286, 100, ' Sauoarkrokur'),
(287, 100, 'Nordfjordur'),
(288, 100, 'Patreksfjorour'),
(289, 100, 'Olafsvik'),
(290, 100, 'Raufarhofn'),
(291, 100, 'Reykjavik'),
(292, 100, 'Selfoss'),
(293, 100, 'Siglufjorour'),
(294, 100, 'Stykkisholmur '),
(295, 100, ' Thingeyri ( Singeyri )'),
(296, 100, 'Torshofn'),
(297, 100, 'Vestmannaeyjar'),
(298, 100, ' Vopnafjorour'),
(299, 191, 'Pristina'),
(300, 39, 'Ontario'),
(301, 39, 'Quebec'),
(302, 39, 'British Columbia'),
(303, 39, 'Nova Scotia'),
(304, 39, 'Manitoba'),
(305, 39, 'Newfoundland and Labrador'),
(306, 39, 'Alberta'),
(307, 39, 'Nunavut'),
(308, 39, 'Saskatchewan'),
(309, 39, 'New Brunswick'),
(310, 39, 'Yukon'),
(311, 39, 'Northwest Territories'),
(312, 39, 'Prince Edward Island'),
(313, 4, 'Blida'),
(314, 4, 'Bejaia'),
(315, 4, 'Algiers'),
(316, 4, 'Djanet'),
(317, 4, 'Boufarik'),
(318, 4, 'Illizi'),
(319, 4, 'Setif'),
(320, 4, 'Tamanrasset'),
(321, 4, 'Jijel'),
(322, 4, 'Mecheria'),
(323, 4, 'Relizane'),
(324, 4, 'Annaba'),
(325, 4, 'Constantine'),
(326, 4, 'Skikda'),
(327, 4, 'Tebessa'),
(328, 4, 'Batna'),
(329, 4, 'Hassi R\\''Mel'),
(330, 4, 'Djelfa'),
(331, 4, 'Tiaret'),
(332, 39, 'Tindouf'),
(333, 39, 'Chlef'),
(334, 39, 'Oran'),
(335, 39, 'Tlemcen'),
(336, 4, 'Bechar'),
(337, 4, 'Ghriss'),
(338, 4, 'In Guezzam'),
(339, 4, 'Bordj Mokhtar'),
(340, 4, 'Adrar'),
(341, 4, 'Biskra'),
(342, 4, 'El Golea'),
(343, 4, 'Ghardaia'),
(344, 4, 'Hassi Messaoud'),
(345, 4, 'In Salah'),
(346, 4, 'Touggourt'),
(347, 4, 'Laghouat'),
(348, 4, 'El Oued'),
(349, 4, 'Timimoun'),
(350, 4, 'Ouargla'),
(351, 4, 'In Amenas'),
(352, 24, 'Cotonou'),
(353, 24, 'Bohicon'),
(354, 24, 'Djougou'),
(355, 24, 'Kandi'),
(356, 24, 'Natitingou'),
(357, 24, 'Porga'),
(358, 24, 'Parakou'),
(359, 24, 'Bembereke'),
(360, 24, 'Save'),
(361, 35, 'Kaya'),
(362, 35, 'Ouahigouya'),
(363, 35, 'Djibo'),
(364, 35, 'Leo'),
(365, 35, 'Boulsa'),
(366, 35, 'Bogande'),
(367, 35, 'Diapaga'),
(368, 35, 'Dori'),
(369, 35, 'Fada N\\''gourma'),
(370, 35, 'Gorom Gorom'),
(371, 35, 'Kantchari'),
(372, 35, 'Tambao'),
(373, 35, 'Pama'),
(374, 35, 'Sebba'),
(375, 35, 'Tenkodogo'),
(376, 35, 'Zabre'),
(377, 35, 'Ouagadougou'),
(378, 35, 'Banfora'),
(379, 35, 'Dedougou'),
(380, 35, 'Nouna'),
(381, 35, 'Bobo Dioulasso'),
(382, 35, 'Tougan'),
(383, 35, 'Diebougou'),
(384, 35, 'Aribinda'),
(385, 84, 'Accra'),
(386, 84, 'Tamale'),
(387, 84, 'Navrongo'),
(388, 84, 'Wa'),
(389, 84, 'Yendi'),
(390, 84, 'Kumasi'),
(391, 84, 'Sunyani'),
(392, 84, 'Takoradi'),
(393, 55, 'Aboisso'),
(394, 55, 'Abidjan'),
(395, 55, 'Abengourou'),
(396, 55, 'Boundiali'),
(397, 55, 'Bouake'),
(398, 55, 'Bouna'),
(399, 55, 'Bondoukou'),
(400, 55, 'Dimbokro'),
(401, 55, 'Daloa'),
(402, 55, 'Divo'),
(403, 55, 'Ferkessedougou'),
(404, 55, 'Gagnoa'),
(405, 55, 'Guiglo'),
(406, 55, 'Korhogo'),
(407, 55, 'Man'),
(408, 55, 'Odienne'),
(409, 55, 'Ouango Fitini'),
(410, 55, 'Seguela'),
(411, 55, 'San Pedro'),
(412, 55, 'Sassandra'),
(413, 55, 'Tabou'),
(414, 55, 'Touba'),
(415, 55, 'Yamoussoukro'),
(416, 158, 'FCT'),
(417, 158, 'Dogondoutchi'),
(418, 158, 'Dosso'),
(419, 158, 'Tra'),
(420, 158, 'Gaya'),
(421, 158, 'Tillabery'),
(422, 158, 'Maradi'),
(423, 158, 'Niamey'),
(424, 158, 'La Tapoa'),
(425, 158, 'Tahoua'),
(426, 158, 'Ouallam'),
(427, 158, 'Agades South'),
(428, 158, 'Dirkou'),
(429, 158, 'Diffa'),
(430, 158, 'Goure'),
(431, 158, 'Iferouane'),
(432, 158, 'Arlit'),
(433, 158, 'Maine-Soroa'),
(434, 158, 'Zinder'),
(435, 218, 'Tabarka'),
(436, 218, 'Monastir'),
(437, 218, 'Tunis'),
(438, 218, 'Bizerte'),
(439, 218, 'Gafsa'),
(440, 218, 'Gabes'),
(441, 218, 'Djerba'),
(442, 218, 'Sfax'),
(443, 218, 'Tozeur'),
(444, 218, 'Enfidha'),
(445, 214, 'Atakpame'),
(446, 214, 'Dapaong'),
(447, 214, 'Anie'),
(448, 214, 'Sansanne-Mango'),
(449, 214, 'Niamtougou'),
(450, 214, 'Sokode'),
(451, 214, 'Lome'),
(452, 22, 'Amougies'),
(453, 22, 'Antwerp / Deurne'),
(454, 22, 'Beauvechain'),
(455, 22, 'Kleine Brogel'),
(456, 22, 'Brussels / Zaventem'),
(457, 22, 'Brasschaat'),
(458, 22, 'Bertrix'),
(459, 22, 'Thy Ulmodrome'),
(460, 22, 'Buzet Ulmodrome'),
(461, 22, 'Charleroi'),
(462, 22, 'Cerfontaine'),
(463, 22, 'Chievres'),
(464, 22, 'Diest'),
(465, 22, 'Koksijde'),
(466, 22, 'Florennes'),
(467, 22, 'Grimbergen'),
(468, 22, 'Hoevenen'),
(469, 22, 'Balen-Keiheuvel'),
(470, 22, 'Kortrijk / Wevelgem'),
(471, 22, 'Liege'),
(472, 22, 'Leopoldsburg'),
(473, 22, 'Brussels'),
(474, 22, 'Namur'),
(475, 22, 'Ostend'),
(476, 22, 'Saint-Ghislain'),
(477, 22, 'Saint-Hubert'),
(478, 22, 'Zutendaal'),
(479, 22, 'Spa'),
(480, 22, 'Sint-Truiden'),
(481, 22, 'Goetsenhoven'),
(482, 22, 'Theux'),
(483, 22, 'Tournai'),
(484, 22, 'Ursel'),
(485, 22, 'Weelde'),
(486, 22, 'Hasselt'),
(487, 22, 'Zoersel / Oostmalle'),
(488, 22, 'Genk'),
(489, 83, 'Altenburg/Leipzig'),
(490, 83, 'Dessau'),
(491, 83, 'Cottbus'),
(492, 83, 'Finow'),
(493, 83, 'Rechlin'),
(494, 83, 'Magdeburg'),
(495, 83, 'Bautzen'),
(496, 83, 'Berlin'),
(497, 83, 'Dresden'),
(498, 83, 'Erfurt'),
(499, 83, 'Frankfurt am Main'),
(500, 83, 'Greven'),
(501, 83, 'Hamburg'),
(502, 83, 'Cologne/Bonn'),
(503, 83, 'Dusseldorf'),
(504, 83, 'Munich'),
(505, 83, 'Nuremberg'),
(506, 83, 'Leipzig/Halle'),
(507, 83, 'Saarbrucken'),
(508, 83, 'Stuttgart'),
(509, 83, 'Hanover'),
(510, 83, 'Bremen'),
(511, 83, 'Reichelsheim'),
(512, 83, 'Rhineland-Palatinate'),
(513, 83, 'Mannheim'),
(514, 83, 'Waldeck-Frankenberg'),
(515, 83, 'Mainz'),
(516, 83, 'Horselberg-Hainich'),
(517, 83, 'Oedheim'),
(518, 83, 'Oppenheim'),
(519, 83, 'Burbach'),
(520, 83, 'Walldorf (Baden)'),
(521, 83, 'Heist'),
(522, 83, 'Kiel'),
(523, 83, 'Lubeck'),
(524, 83, 'Heidelberg'),
(525, 83, 'Memmingen'),
(526, 83, 'Aachen'),
(527, 83, 'Sankt Augustin'),
(528, 83, 'Leverkusen'),
(529, 83, 'Finnentrop'),
(530, 83, 'Dahlem'),
(531, 83, 'Wesel'),
(532, 83, 'Goch'),
(533, 83, 'Krefeld'),
(534, 83, 'Monchengladbach'),
(535, 83, 'Paderborn / Lippstadt'),
(536, 83, 'Paderborn'),
(537, 83, 'Stadtlohn'),
(538, 83, 'Weeze'),
(539, 83, 'Dortmund'),
(540, 83, 'Pfarrkirchen'),
(541, 83, 'Oberpfaffenhofen'),
(542, 83, 'Friedrichshafen'),
(543, 83, 'Augsburg'),
(544, 83, 'Genderkingen'),
(545, 83, 'Straubing'),
(546, 83, 'Flugplatz Tannheim'),
(547, 83, 'Vilshofen'),
(548, 83, 'Lsse'),
(549, 83, 'Parchim'),
(550, 83, 'Coburg'),
(551, 83, 'Bayreuth'),
(552, 83, 'Burg Feuerstein'),
(553, 83, 'Giebelstadt'),
(554, 83, 'Hof/Plauen'),
(555, 83, 'Bitburg'),
(556, 83, 'Linkenheim-Hochstetten'),
(557, 83, 'Mosel'),
(558, 83, 'Trier'),
(559, 83, 'Speyer'),
(560, 83, 'Zweibrucken'),
(561, 83, 'Baden-Baden'),
(562, 83, 'Donaueschingen'),
(563, 83, 'Freiburg'),
(564, 83, 'Bremgarten'),
(565, 83, 'Lahr'),
(566, 83, 'Mengen'),
(567, 83, 'Pattonville'),
(568, 83, 'Schwabisch Hall'),
(569, 83, 'Kassel'),
(570, 83, 'Bremerhaven'),
(571, 83, 'Damme'),
(572, 83, 'Wilhelmshaven-Mariensiel'),
(573, 83, 'Heide'),
(574, 83, 'Heligoland'),
(575, 83, 'St. Michaelisdonn'),
(576, 83, 'Sylt'),
(577, 83, 'Spangdahlem'),
(578, 83, 'Ramstein'),
(579, 83, 'Bamberg'),
(580, 83, 'Altenstadt'),
(581, 83, 'Buckeburg'),
(582, 83, 'Celle'),
(583, 83, 'Rheine'),
(584, 83, 'Fritzlar'),
(585, 83, 'Laupheim'),
(586, 83, 'Niedermendig'),
(587, 83, 'Roth'),
(588, 83, 'Fassberg'),
(589, 83, 'Nordholz'),
(590, 83, 'Diepholz'),
(591, 83, 'Geilenkirchen'),
(592, 83, 'Hohn'),
(593, 83, 'Schortens'),
(594, 83, 'Rostock'),
(595, 83, 'Norvenich'),
(596, 83, 'Schleswig'),
(597, 83, 'Wittmund'),
(598, 83, 'Neubrandenburg'),
(599, 83, 'Wunstorf'),
(600, 83, 'Wiesbaden'),
(601, 83, 'Landsberg am Lech'),
(602, 83, 'Buchel / Cochem'),
(603, 83, 'Erding'),
(604, 83, 'Furstenfeldbruck'),
(605, 83, 'Jessen (Elster)'),
(606, 83, 'Ingolstadt'),
(607, 83, 'Lechfeld'),
(608, 83, 'Weeze '),
(609, 83, 'Gutersloh '),
(610, 83, 'Bruggen '),
(611, 83, 'Meppen'),
(612, 70, 'Tallinn'),
(613, 70, 'Omari'),
(614, 70, 'Hiiumaa'),
(615, 70, 'Saaremaa'),
(616, 70, 'Kihnu'),
(617, 70, 'Nurmsi'),
(618, 70, 'Narva'),
(619, 70, 'Parnu'),
(620, 70, 'Rapla'),
(621, 70, 'Ridali'),
(622, 70, 'Ruhnu'),
(623, 70, 'Tapa'),
(624, 70, 'Tartu'),
(625, 70, 'Viljandi'),
(626, 75, 'Ahmosuo'),
(627, 75, 'Alavus'),
(628, 75, 'Enontekio'),
(629, 75, 'Eura'),
(630, 75, 'Forssa'),
(631, 75, 'Kuorevesi'),
(632, 75, 'Helsinki'),
(633, 75, 'Vantaa'),
(634, 75, ' Hameenkyro'),
(635, 75, 'Hanko '),
(636, 75, 'Hyvinkaa'),
(637, 75, 'Kiikala'),
(638, 75, 'Seinajoki / Ilmajoki'),
(639, 75, 'Immola'),
(640, 75, 'Kitee'),
(641, 75, 'Ivalo / Inari'),
(642, 75, 'Jamijarvi'),
(643, 75, 'Joensuu / Liperi'),
(644, 75, 'Jyvaskylan maalaiskunta'),
(645, 75, 'Kauhava'),
(646, 75, 'Kemi / Tornio'),
(647, 75, 'Kajaani'),
(648, 75, 'Kauhajoki'),
(649, 75, 'Kronoby'),
(650, 75, 'Kemijarvi'),
(651, 75, 'Kalajoki'),
(652, 75, 'Kuusamo'),
(653, 75, ' Kittila'),
(654, 75, 'Kuopio / Siilinjarvi'),
(655, 75, 'Kivijarvi'),
(656, 75, 'Kymi'),
(657, 75, 'Lahti'),
(658, 75, 'Lappeenranta'),
(659, 75, 'Mariehamn'),
(660, 75, 'Menkijarvi'),
(661, 75, 'Mikkeli'),
(662, 75, 'Nummela'),
(663, 75, 'Oulunsalo'),
(664, 75, 'Piikajarvi'),
(665, 75, 'Pieksamaki'),
(666, 75, 'Pori'),
(667, 75, 'Pudasjarvi'),
(668, 75, 'Pyhiisalmi'),
(669, 75, 'Raahe'),
(670, 75, 'Rantasalmi'),
(671, 75, 'Rovaniemi'),
(672, 75, 'Ranua'),
(673, 75, 'Kiuruvesi'),
(674, 75, 'Rayskala'),
(675, 75, 'Savonlinna'),
(676, 75, 'Selanpaa'),
(677, 75, 'Seinajoki'),
(678, 75, 'Sodankyla'),
(679, 75, 'Tampere / Pirkkala'),
(680, 75, 'Teisko'),
(681, 75, 'Turku'),
(682, 75, 'Utti / Valkeala'),
(683, 75, 'Vaasa'),
(684, 75, 'Varkaus / Joroinen'),
(685, 75, 'Ylivieska'),
(686, 226, 'Northern Ireland'),
(687, 226, 'England'),
(688, 226, 'Wales'),
(689, 226, 'Scotland'),
(690, 226, 'Channel Islands'),
(691, 226, 'Isle of Man'),
(692, 226, 'Falkland Islands'),
(693, 152, 'near Amsterdam'),
(694, 152, 'Weert'),
(695, 152, 'De Bilt'),
(696, 152, 'Maastricht'),
(697, 152, 'Deelen'),
(698, 152, 'Venraij'),
(699, 152, 'Drachten'),
(700, 152, 'Eindhoven'),
(701, 152, 'Eelde'),
(702, 152, 'Gilze and Rijen'),
(703, 152, 'Hoogeveen'),
(704, 152, 'Hilversum'),
(705, 152, 'De Kooy'),
(706, 152, 'Uden'),
(707, 152, 'Lelystad'),
(708, 152, 'Leeuwarden'),
(709, 152, 'Nieuw-Milligen'),
(710, 152, 'Zeeland'),
(711, 152, 'Scheemda'),
(712, 152, 'Rotterdam'),
(713, 152, 'Soesterberg'),
(714, 152, 'Hoeven'),
(715, 152, 'Stadskanaal'),
(716, 152, 'Deventer'),
(717, 152, 'Terlet'),
(718, 152, 'Enschede'),
(719, 152, 'Texel'),
(720, 152, 'Valkenburg'),
(721, 152, 'Woensdrecht'),
(722, 152, 'The_Hague'),
(723, 105, 'County Longford'),
(724, 105, 'County Cork'),
(725, 105, 'County Offaly'),
(726, 105, 'Connemara'),
(727, 105, 'Cork'),
(728, 105, 'County Galway'),
(729, 105, 'County Limerick'),
(730, 105, 'County Donegal'),
(731, 105, 'Dublin'),
(732, 105, 'County Kilkenny'),
(733, 105, 'County Mayo'),
(734, 105, 'County Kerry'),
(735, 105, 'Baldonnel'),
(736, 105, 'County Meath'),
(737, 105, 'County Tipperary'),
(738, 105, 'County Clare'),
(739, 105, 'County Cork '),
(740, 105, 'near Sligo'),
(741, 105, 'Waterford'),
(742, 105, 'County Kildare'),
(743, 60, 'Tirstrup near Aarhus'),
(744, 60, 'Billund'),
(745, 60, 'Kastrup near Copenhagen'),
(746, 60, 'Esbjerg'),
(747, 60, 'Herning'),
(748, 60, 'Karup'),
(749, 60, 'Lolland Falster Maribo'),
(750, 60, 'Odense'),
(751, 60, 'Tune near Roskilde'),
(752, 60, 'Ronne'),
(753, 60, 'Sonderborg'),
(754, 60, 'Sindal'),
(755, 60, 'Vojens'),
(756, 60, 'Skive'),
(757, 60, 'Thisted'),
(758, 60, 'Aars'),
(759, 60, 'Skjern'),
(760, 60, 'Aalborg'),
(761, 60, 'Kolding'),
(762, 73, 'Faroe Islands'),
(763, 126, 'Luxembourg'),
(764, 126, 'Medernach Ulmodrome'),
(765, 126, 'Useldange glider field'),
(766, 162, 'More og Romsdal'),
(767, 162, 'Nordland'),
(768, 162, 'Svalbard'),
(769, 162, 'Finnmark'),
(770, 162, 'Arctic'),
(771, 162, 'Sogn og Fjordane'),
(772, 162, 'Hordaland'),
(773, 162, 'Vest-Agder'),
(774, 162, 'Buskerud'),
(775, 162, 'Norwegian Sea'),
(776, 162, 'Troms'),
(777, 162, 'Nordland / Troms'),
(778, 162, 'Akershus'),
(779, 162, 'Oppland'),
(780, 162, 'North Sea'),
(781, 162, 'Hedmark'),
(782, 162, 'Rogaland'),
(783, 162, 'Jan Mayen'),
(784, 162, 'Vestfold'),
(785, 162, 'Nord-Trondelag '),
(786, 162, 'Telemark'),
(787, 162, 'Sor-Trondelag'),
(788, 162, ' Ostfold'),
(789, 173, 'Bydgoszcz'),
(790, 173, 'Gda&#324;sk'),
(791, 173, 'Krakow'),
(792, 173, 'Katowice'),
(793, 173, 'Lodz'),
(794, 173, 'Nowy Dwor Mazowiecki'),
(795, 173, 'Poznan'),
(796, 173, 'Rzeszow '),
(797, 173, 'Szczecin'),
(798, 173, 'Szczytno'),
(799, 173, 'Warsaw'),
(800, 173, 'Wroc&#322;aw'),
(801, 173, 'Zielona Gora'),
(802, 207, 'Linkoping'),
(803, 207, 'Norrkoping'),
(804, 207, 'Uppsala'),
(805, 207, 'Stockholm'),
(806, 207, 'Ronneby'),
(807, 207, 'Hassleholm'),
(808, 207, 'Hasslosa'),
(809, 207, 'Knislinge'),
(810, 207, 'Sjobo'),
(811, 207, 'Moholm'),
(812, 207, 'Kosta'),
(813, 207, 'Ruda'),
(814, 207, 'Sandvik'),
(815, 207, 'Vaxjo'),
(816, 207, 'Byholma'),
(817, 207, 'Uddevalla'),
(818, 207, 'Balleberg'),
(819, 207, 'Tidaholm'),
(820, 207, 'Boras'),
(821, 207, 'Falkenberg'),
(822, 207, 'Goteborg'),
(823, 207, 'Herrljunga'),
(824, 207, ' Alingsas'),
(825, 207, 'Jonkoping'),
(826, 207, 'Falkoeping'),
(827, 207, 'Lidkoping'),
(828, 207, 'Ovre Resten'),
(829, 207, 'Gotene'),
(830, 207, 'Skovde'),
(831, 207, 'Stromstad'),
(832, 207, 'Trollhattan / Vanersborg'),
(833, 207, 'Varberg'),
(834, 207, 'Saffle'),
(835, 207, 'Karlsborg'),
(836, 207, 'Satenas'),
(837, 207, 'Gimo'),
(838, 207, 'Sundbro'),
(839, 207, 'Dala-Jarna'),
(840, 207, 'Gryttjom'),
(841, 207, 'Eksharad'),
(842, 207, 'Karlskoga'),
(843, 207, 'Mora'),
(844, 207, 'Stockholm / Nykoping'),
(845, 207, 'Munkfors'),
(846, 207, 'Strangnas'),
(847, 207, 'Tierp'),
(848, 207, 'Sunne'),
(849, 207, 'Arvika'),
(850, 207, 'Bjorkvik'),
(851, 207, 'Emmaboda'),
(852, 207, 'Borglanda'),
(853, 207, 'Eksjo'),
(854, 207, 'Eslov'),
(855, 207, 'Fagerhult'),
(856, 207, 'Ljungby'),
(857, 207, 'Haganas'),
(858, 207, 'Sovdeborg'),
(859, 207, 'Kagerod'),
(860, 207, 'Kristianstad'),
(861, 207, 'Landskrona'),
(862, 207, 'Lund'),
(863, 207, 'Oskarshamn'),
(864, 207, 'Anderstorp'),
(865, 207, 'Kalmar'),
(866, 207, 'Trelleborg'),
(867, 207, 'Malmo'),
(868, 207, 'Halmstad'),
(869, 207, 'Almhult'),
(870, 207, 'Hagshult'),
(871, 207, 'Tingsryd'),
(872, 207, 'Smalandsstenar'),
(873, 207, 'Olanda'),
(874, 207, 'Hallviken'),
(875, 207, 'Solleftea'),
(876, 207, 'Hede'),
(877, 207, 'Sveg'),
(878, 207, 'Overkalix'),
(879, 207, 'Farila'),
(880, 207, 'Gallivare'),
(881, 207, 'Hudiksvall'),
(882, 207, 'Kubbe'),
(883, 207, 'Jokkmokk'),
(884, 207, 'Kramfors / Solleftea'),
(885, 207, 'Lycksele'),
(886, 207, 'Optand'),
(887, 207, 'Sundsvall / Harnosand'),
(888, 207, 'Ornskoldsvik'),
(889, 207, 'Pitea'),
(890, 207, 'Kiruna'),
(891, 207, 'Orsa'),
(892, 207, 'Skelleftea'),
(893, 207, 'Sattna'),
(894, 207, 'Umea'),
(895, 207, 'Vilhelmina'),
(896, 207, 'Arvidsjaur'),
(897, 207, 'Soderhamn'),
(898, 207, 'Ostersund'),
(899, 207, 'Orebro'),
(900, 207, 'Hagfors'),
(901, 207, 'Karlstad'),
(902, 207, 'Storvik'),
(903, 207, 'Stockholm / Vasteras'),
(904, 207, 'Lulea'),
(905, 207, 'Vidsel'),
(906, 207, 'Boden'),
(907, 207, 'Heden'),
(908, 207, 'Arboga'),
(909, 207, 'Berga'),
(910, 207, 'Eskilstuna'),
(911, 207, 'Borlange'),
(912, 207, 'Hultsfred / Vimmerby'),
(913, 207, 'Ludvika'),
(914, 207, 'Laxo'),
(915, 207, 'Visingso'),
(916, 207, 'Gavle  / Sandviken'),
(917, 207, 'Brattforsheden'),
(918, 207, 'Norrtelje'),
(919, 207, 'Torsby'),
(920, 207, 'Visby'),
(921, 207, 'Vastervik'),
(922, 207, ' Vasteras'),
(923, 207, 'Vangso'),
(924, 207, 'Angelholm / Helsingborg'),
(925, 207, 'Fjallbacka'),
(926, 207, ' Gronhogen'),
(927, 207, 'Ljungbyhed'),
(928, 207, 'Tomelilla'),
(929, 207, 'Vellinge'),
(930, 207, 'Amsele'),
(931, 207, 'Arbra'),
(932, 207, 'Storuman'),
(933, 207, 'Idre'),
(934, 207, 'Fallfors'),
(935, 207, 'Gargnas'),
(936, 207, 'Harnosand'),
(937, 207, 'Mellansel'),
(938, 207, 'Ange'),
(939, 207, 'Kalixfors'),
(940, 207, 'Ljusdal'),
(941, 207, 'Mohed'),
(942, 207, 'Oviken'),
(943, 207, 'Pajala'),
(944, 207, 'Ramsele'),
(945, 207, 'Asele'),
(946, 207, 'Hemavan'),
(947, 207, 'Alvsbyn'),
(948, 207, 'Edsbyn'),
(949, 207, 'Avesta'),
(950, 207, 'Bunge'),
(951, 207, 'Gagnef'),
(952, 207, 'Hallefors'),
(953, 207, 'Katrineholm'),
(954, 207, 'Malung'),
(955, 207, 'Koping'),
(956, 207, 'Siljansnas'),
(957, 119, 'Adas'),
(958, 119, 'Daugavpils'),
(959, 119, 'Jelgava'),
(960, 119, 'Vainode'),
(961, 119, 'Lielvarde'),
(962, 119, 'Jekabpils'),
(963, 119, 'Liepaja'),
(964, 119, 'Riga'),
(965, 119, 'Riga'),
(966, 119, 'Tukums'),
(967, 119, 'Ventspils'),
(968, 125, 'Alytus'),
(969, 125, 'Birzai'),
(970, 125, 'Jurbarkas'),
(971, 125, 'Kaunas'),
(972, 125, 'Kedainiai'),
(973, 125, 'Klaipeda'),
(974, 125, 'KazlÅ³ Ruda'),
(975, 125, 'Kartena'),
(976, 125, 'Tirksliai'),
(977, 125, 'Sasnava'),
(978, 125, 'Akmene'),
(979, 125, 'Nida'),
(980, 125, 'Nemirseta'),
(981, 125, 'Palanga'),
(982, 125, 'Panevezys'),
(983, 125, 'Pikeliskes '),
(984, 125, 'Pajuostis'),
(985, 125, 'Pociunai'),
(986, 125, 'Rokishkis'),
(987, 125, 'Jonava'),
(988, 125, 'Siauliai '),
(989, 125, 'Barysiai'),
(990, 125, 'Seduva'),
(991, 125, 'Silute'),
(992, 125, 'Telsiai '),
(993, 125, 'Utena'),
(994, 125, 'Vilnius (MOT/CAD)'),
(995, 125, 'Vilnius (ACC/FIC/COM/RCC)'),
(996, 125, 'Vilnius'),
(997, 125, 'Kyviskes'),
(998, 125, 'Vilnius (FIR)'),
(999, 125, 'Vilnius (NOF/AIS)'),
(1000, 125, 'Paluknys'),
(1001, 125, 'Zarasai'),
(1002, 125, 'Oekiokes'),
(1003, 199, 'Bisho'),
(1004, 199, 'Bloemfontein'),
(1005, 199, 'Bethlehem'),
(1006, 199, 'Butterworth'),
(1007, 199, 'Cradock'),
(1008, 199, 'Cape Town'),
(1009, 199, 'Durban'),
(1010, 199, 'East London'),
(1011, 199, 'Empangeni'),
(1012, 199, 'Ellisras'),
(1013, 199, 'Ficksburg'),
(1014, 199, 'Durbanville'),
(1015, 199, 'Johannesburg'),
(1016, 199, 'George'),
(1017, 199, 'Giyani'),
(1018, 199, 'Hluhluwe'),
(1019, 199, 'Harrismith'),
(1020, 199, 'Hoedspruit'),
(1021, 199, 'Klerksdorp'),
(1022, 199, 'Hopefield'),
(1023, 199, 'Kimberley'),
(1024, 199, 'Nelspruit (Kruger National Park)'),
(1025, 199, 'Komga'),
(1026, 199, 'Komatipoort'),
(1027, 199, 'Krugersdorp'),
(1028, 199, 'Kuruman'),
(1029, 199, 'Kleinsee'),
(1030, 199, 'Lanseria'),
(1031, 199, 'Lime Acres'),
(1032, 199, 'Lusikisiki'),
(1033, 199, 'Makhado'),
(1034, 199, 'Langebaan'),
(1035, 199, 'Ladysmith'),
(1036, 199, 'Malamala'),
(1037, 199, 'Margate'),
(1038, 199, 'Mmabatho'),
(1039, 199, 'Malelane'),
(1040, 199, 'Mossel Bay'),
(1041, 199, 'Messina'),
(1042, 199, 'Mkuze'),
(1043, 199, 'Mzamba'),
(1044, 199, 'Newcastle'),
(1045, 199, 'Ngala'),
(1046, 199, 'Nelspruit'),
(1047, 199, 'Magaliesburg'),
(1048, 199, 'Oudtshoorn'),
(1049, 199, 'Port Alfred'),
(1050, 199, 'Port Elizabeth'),
(1051, 199, 'Plettenberg Bay'),
(1052, 199, 'Phalaborwa'),
(1053, 199, 'Port St. Johns'),
(1054, 199, 'Prieska'),
(1055, 199, 'Pietermaritzburg'),
(1056, 199, 'Pilanesberg (near Sun City)'),
(1057, 199, 'Polokwane'),
(1058, 199, 'Queenstown'),
(1059, 199, 'Richards Bay'),
(1060, 199, 'Rustenburg'),
(1061, 199, 'Robertson'),
(1062, 199, 'Springbok'),
(1063, 199, 'Secunda'),
(1064, 199, 'Saldanha Bay'),
(1065, 199, 'Sabi Sabi'),
(1066, 199, 'Stellenbosch'),
(1067, 199, 'Sishen'),
(1068, 199, 'Skukuza'),
(1069, 199, 'Teddarfield Airpark'),
(1070, 199, 'Thohoyandou'),
(1071, 199, 'Thaba Nchu'),
(1072, 199, 'Tzaneen'),
(1073, 199, 'Ulundi'),
(1074, 199, 'Upington'),
(1075, 199, 'Umtata'),
(1076, 199, 'Vryburg'),
(1077, 199, 'Vredendal'),
(1078, 199, 'Vryheid'),
(1079, 199, 'Pretoria'),
(1080, 199, 'Tshwane'),
(1081, 199, 'Welkom'),
(1082, 29, 'Francistown'),
(1083, 29, 'Gumare'),
(1084, 29, 'Ghanzi'),
(1085, 29, 'Jwaneng'),
(1086, 29, 'Kasane'),
(1087, 29, 'Kang'),
(1088, 29, 'Khwai River'),
(1089, 29, 'Kanye'),
(1090, 29, 'Lobatse'),
(1091, 29, 'Makalamabedi'),
(1092, 29, 'Maun'),
(1093, 29, 'Nokaneng'),
(1094, 29, 'Nata'),
(1095, 29, 'Orapa'),
(1096, 29, 'Palapye'),
(1097, 29, 'Rakops'),
(1098, 29, 'Gaborone'),
(1099, 29, 'Sua Pan'),
(1100, 29, 'Selebi-Phikwe'),
(1101, 29, 'Serowe'),
(1102, 29, 'Savuti'),
(1103, 29, 'Shakawe'),
(1104, 29, 'Tshane'),
(1105, 29, 'Tuli Lodge'),
(1106, 29, 'Tshabong'),
(1107, 29, 'Xugana'),
(1108, 50, 'Brazzaville'),
(1109, 50, 'Djambala'),
(1110, 50, 'Kindamba'),
(1111, 50, 'Lague'),
(1112, 50, 'Mouyondzi'),
(1113, 50, 'Sibiti'),
(1114, 50, 'Nkayi'),
(1115, 50, 'Zanaga'),
(1116, 50, 'Mossendjo'),
(1117, 50, 'Boundji'),
(1118, 50, 'Ewo'),
(1119, 50, 'Gamboma'),
(1120, 50, 'Impfondo'),
(1121, 50, 'Kelle'),
(1122, 50, 'Makoua'),
(1123, 50, 'Owando'),
(1124, 50, 'Souanke'),
(1125, 50, 'Betou'),
(1126, 50, 'Ouesso'),
(1127, 50, 'Makabana'),
(1128, 50, 'Loubomo'),
(1129, 50, 'Pointe-Noire'),
(1130, 206, 'Ngonini'),
(1131, 206, 'Kubuta'),
(1132, 206, 'Lavumisa'),
(1133, 206, 'Mhlume'),
(1134, 206, 'Manzini'),
(1135, 206, 'Nhlangano'),
(1136, 206, 'Nsoko'),
(1137, 206, 'Simunye'),
(1138, 206, 'Siteki'),
(1139, 206, 'Tambankula'),
(1140, 206, 'Tshaneni'),
(1141, 206, 'Big Bend'),
(1142, 42, 'Alindao'),
(1143, 42, 'Obo'),
(1144, 42, 'Carnot'),
(1145, 42, 'Mobaye'),
(1146, 42, 'Bangui'),
(1147, 42, 'Bangassou'),
(1148, 42, 'Birao'),
(1149, 42, 'Bossembele'),
(1150, 42, 'Bambari'),
(1151, 42, 'N\\\\\\''Dela'),
(1152, 42, 'Bouar'),
(1153, 42, 'Paoua'),
(1154, 42, 'Bria'),
(1155, 42, 'Bossangoa'),
(1156, 42, 'Berberati '),
(1157, 42, 'Sibut'),
(1158, 42, 'Ouadda'),
(1159, 42, 'Yalinga'),
(1160, 42, 'Zemio'),
(1161, 42, 'Bocaranga'),
(1162, 42, 'Batangafo'),
(1163, 42, 'Gordil'),
(1164, 42, 'Bakouma'),
(1165, 42, 'Ouanda Djalle'),
(1166, 42, 'Rafai'),
(1167, 42, 'Bouca'),
(1168, 42, 'Bozoum'),
(1169, 68, 'San Antonio de Pale'),
(1170, 68, 'Bata'),
(1171, 68, 'Malabo'),
(1172, 226, 'Georgetown'),
(1173, 138, 'Plaine Magnien'),
(1174, 138, 'Rodrigues Island'),
(1175, 32, 'Diego Garcia'),
(1176, 38, 'Kribi'),
(1177, 38, 'Tiko'),
(1178, 38, 'Douala'),
(1179, 38, 'Mamfe'),
(1180, 38, 'Bali'),
(1181, 38, 'Kaela'),
(1182, 38, 'Batouri'),
(1183, 38, 'Yagoua'),
(1184, 38, 'Maroua'),
(1185, 38, 'Foumban'),
(1186, 38, 'Ngaoundere'),
(1187, 38, 'Bertoua'),
(1188, 38, 'Garoua'),
(1189, 38, 'Dschang'),
(1190, 38, 'Bafoussam'),
(1191, 38, 'Bamenda'),
(1192, 38, 'Ebolowa'),
(1193, 38, 'Yaounde'),
(1194, 240, 'Mbala'),
(1195, 240, 'Chipata'),
(1196, 240, 'Kasompe'),
(1197, 240, 'Kalabo'),
(1198, 240, 'Kaoma'),
(1199, 240, 'Kasama'),
(1200, 240, 'Kabwe'),
(1201, 240, 'Livingstone'),
(1202, 240, 'Lukulu'),
(1203, 240, 'Lusaka'),
(1204, 240, 'Mansa'),
(1205, 240, 'Mfuwe'),
(1206, 240, 'Mongu'),
(1207, 240, 'Ndola'),
(1208, 240, 'Senanga'),
(1209, 240, 'Kitwe'),
(1210, 240, 'Sesheke'),
(1211, 240, 'Solwezi'),
(1212, 240, 'Zambezi'),
(1213, 49, 'Comoros'),
(1214, 139, 'Mayotte'),
(1215, 76, 'Reunion'),
(1216, 129, 'Madagascar'),
(1217, 7, 'Ambriz'),
(1218, 7, 'Mbanza Congo'),
(1219, 7, 'Benguela'),
(1220, 7, 'Cabinda'),
(1221, 7, 'Cafunfo'),
(1222, 7, 'Chitato'),
(1223, 7, 'Catumbela'),
(1224, 7, 'Cuito Cuanavale'),
(1225, 7, 'Cazombo'),
(1226, 7, 'Dundo'),
(1227, 7, 'Ondjiva (Ongiva, Ngiva, N\\''giva)'),
(1228, 7, 'Huambo'),
(1229, 7, 'Kuito'),
(1230, 7, 'Lucapa (Lukapa)'),
(1231, 7, 'Luanda'),
(1232, 7, 'Malanje'),
(1233, 7, 'Menongue'),
(1234, 7, 'Namibe'),
(1235, 7, 'Negage'),
(1236, 7, 'Porto Amboim'),
(1237, 7, 'Saurimo'),
(1238, 7, 'Soyo'),
(1239, 7, 'Luau'),
(1240, 7, 'Lubango'),
(1241, 7, 'Luena'),
(1242, 7, 'Uige'),
(1243, 7, 'Waco Kungo'),
(1244, 7, 'Xangongo'),
(1245, 7, 'N\\''zeto'),
(1246, 80, 'Akieni'),
(1247, 80, 'Booue'),
(1248, 80, 'Ndende'),
(1249, 80, 'Fougamou'),
(1250, 80, 'Mbigou'),
(1251, 80, 'Moabi'),
(1252, 80, 'Koulamoutou'),
(1253, 80, 'Mouila'),
(1254, 80, 'Oyem'),
(1255, 80, 'Okondja'),
(1256, 80, 'Lambarene'),
(1257, 80, 'Bitam'),
(1258, 80, 'Moanda'),
(1259, 80, 'Mekambo'),
(1260, 80, 'Port-Gentil'),
(1261, 80, 'Omboue'),
(1262, 80, 'Iguela'),
(1263, 80, 'Makokou'),
(1264, 80, 'Libreville'),
(1265, 80, 'Mitzic'),
(1266, 80, 'Franceville'),
(1267, 80, 'Lastourville'),
(1268, 80, 'Sette Cama'),
(1269, 80, 'Tchibanga'),
(1270, 80, 'Mayumba'),
(1271, 188, 'Sao Tome'),
(1272, 188, 'principe'),
(1273, 147, 'Angoche'),
(1274, 147, 'Beira'),
(1275, 147, 'Cuamba'),
(1276, 147, 'Chimoio'),
(1277, 147, 'Inhambane'),
(1278, 147, 'Lichinga'),
(1279, 147, 'Lumbo'),
(1280, 147, 'Maputo'),
(1281, 147, 'Mueda'),
(1282, 147, 'Mocimboa da Praia'),
(1283, 147, 'Nacala'),
(1284, 147, 'Nampula'),
(1285, 147, 'Pemba'),
(1286, 147, 'Quelimane'),
(1287, 147, 'Tete'),
(1288, 147, 'Vilankulo'),
(1289, 192, 'Alphonse Island'),
(1290, 192, 'Assumption Island'),
(1291, 192, 'D\\''Arros Island'),
(1292, 192, 'Desroches Island '),
(1293, 192, 'Farquhar Islands'),
(1294, 192, 'Mahe Island'),
(1295, 192, 'Marie Louise Island'),
(1296, 192, 'Platte Island '),
(1297, 192, 'Praslin Island'),
(1298, 192, 'Astove Island'),
(1299, 192, 'Bird Island'),
(1300, 192, 'Coetivy Island'),
(1301, 192, 'Denis Island'),
(1302, 192, 'Fregate Island'),
(1303, 192, 'Remire Island (Eagle Island)'),
(1304, 43, 'Sarh Airport'),
(1305, 43, 'Sarh'),
(1306, 43, 'Bongor'),
(1307, 43, 'Abeche'),
(1308, 43, 'Moundou'),
(1309, 43, 'Biltine'),
(1310, 43, 'Fada'),
(1311, 43, 'Gozbeida'),
(1312, 43, 'Lai'),
(1313, 43, 'Ati'),
(1314, 43, 'N\\''Djamena'),
(1315, 43, 'Bokoro'),
(1316, 43, 'Bol'),
(1317, 43, 'Mongo'),
(1318, 43, 'Am-Timan'),
(1319, 43, 'Pala'),
(1320, 43, 'Zouar'),
(1321, 43, 'Bousso'),
(1322, 43, 'Mao'),
(1323, 43, 'Faya-Largeau'),
(1324, 43, 'Bardai'),
(1325, 241, 'Bulawayo'),
(1326, 241, 'Chipinge'),
(1327, 241, 'Harare'),
(1328, 241, 'Chiredzi'),
(1329, 241, 'Victoria Falls'),
(1330, 241, 'Mutare'),
(1331, 241, 'Kariba'),
(1332, 241, 'Masvingo'),
(1333, 241, 'Gweru'),
(1334, 241, 'Hwange (Hwange National Park)'),
(1335, 241, 'Hwange Town'),
(1336, 130, 'Chelinda'),
(1337, 130, 'Blantyre'),
(1338, 130, 'Club Makokola'),
(1339, 130, 'Ntchisi'),
(1340, 130, 'Chitipa'),
(1341, 130, 'Dwanga'),
(1342, 130, 'Karonga'),
(1343, 130, 'Katumbi'),
(1344, 130, 'Kasungu'),
(1345, 130, 'Lilongwe'),
(1346, 130, 'Likoma'),
(1347, 130, 'Mchinji'),
(1348, 130, 'Mangochi'),
(1349, 130, 'Monkey Bay'),
(1350, 130, 'Nsanje'),
(1351, 130, 'Salima'),
(1352, 130, 'Nchalo'),
(1353, 130, 'Mzuzu'),
(1354, 130, 'Zomba'),
(1355, 121, 'Lebakeng'),
(1356, 121, 'Leribe'),
(1357, 121, 'Lesobeng'),
(1358, 121, 'Matsaile'),
(1359, 121, 'Mafeteng'),
(1360, 121, 'Mokhotlong'),
(1361, 121, 'Maseru'),
(1362, 121, 'Nkaus'),
(1363, 121, 'Pelaneng'),
(1364, 121, 'Quthing'),
(1365, 121, 'Qachas\\'' Nek'),
(1366, 121, 'Sekake'),
(1367, 121, 'Semongkong'),
(1368, 121, 'Thaba Tseka'),
(1369, 121, 'Tlokoeng'),
(1370, 149, 'Arandis'),
(1371, 149, 'Grootfontein'),
(1372, 149, 'Halali'),
(1373, 149, 'Helmeringhausen'),
(1374, 149, 'Karasburg'),
(1375, 149, 'Keetmanshoop'),
(1376, 149, 'Luderitz'),
(1377, 149, 'Mokuti Lodge'),
(1378, 149, 'Mpacha'),
(1379, 149, 'Namutoni'),
(1380, 149, 'Nkurenkuru'),
(1381, 149, 'Ondangwa'),
(1382, 149, 'Omega'),
(1383, 149, 'Oranjemund'),
(1384, 149, 'Okahao'),
(1385, 149, 'Okaukuejo'),
(1386, 149, 'Opuwa'),
(1387, 149, 'Oshakati'),
(1388, 149, 'Rundu'),
(1389, 149, 'Swakopmund'),
(1390, 149, 'Tsumeb'),
(1391, 149, 'Walvis Bay'),
(1392, 149, 'Windhoek'),
(1393, 239, 'Kinshasa'),
(1394, 239, 'Boma'),
(1395, 239, 'Luozi'),
(1396, 239, 'Matadi'),
(1397, 239, 'Nkolo-Fuma'),
(1398, 239, 'Inongo'),
(1399, 239, 'Nioki'),
(1400, 239, 'Bandundu'),
(1401, 239, 'Kiri'),
(1402, 239, 'Kikwit'),
(1403, 239, 'Idiofa'),
(1404, 239, 'Lusanga'),
(1405, 239, 'Masi-Manimba'),
(1406, 239, 'Mbandaka'),
(1407, 239, 'Basankusu'),
(1408, 239, 'Libenge'),
(1409, 239, 'Gbadolite'),
(1410, 239, 'Gemena'),
(1411, 239, 'Bumba'),
(1412, 239, 'Lisala'),
(1413, 239, 'Boende'),
(1414, 239, 'Ikela'),
(1415, 239, 'Kisangani'),
(1416, 239, 'Yangambi'),
(1417, 239, 'Isiro'),
(1418, 239, 'Bunia'),
(1419, 239, 'Buta Zega'),
(1420, 239, 'Bukavu'),
(1421, 239, 'Goma'),
(1422, 239, 'Beni'),
(1423, 239, 'Kindu'),
(1424, 239, 'Kalima'),
(1425, 239, 'Punia'),
(1426, 239, 'Lubumbashi'),
(1427, 239, 'Pweto'),
(1428, 239, 'Kasenga'),
(1429, 239, 'Kolwezi'),
(1430, 239, 'Manono'),
(1431, 239, 'Moba'),
(1432, 239, 'Kalemie'),
(1433, 239, 'Kabalo'),
(1434, 239, 'Kongolo'),
(1435, 239, 'Kamina'),
(1436, 239, 'Kapanga'),
(1437, 239, 'Kaniama'),
(1438, 239, 'Kananga'),
(1439, 239, 'Kasonga'),
(1440, 239, 'Luisa'),
(1441, 239, 'Moma'),
(1442, 239, 'Tshikapa'),
(1443, 239, 'Lodja'),
(1444, 239, 'Lusambo'),
(1445, 239, 'Mweka'),
(1446, 239, 'Basongo'),
(1447, 239, 'Mbuji Mayi'),
(1448, 239, 'Gandajika'),
(1449, 133, 'Ansongo'),
(1450, 133, 'Bandiagara'),
(1451, 133, 'Bafoulabe'),
(1452, 133, 'Bougouni'),
(1453, 133, 'Bourem'),
(1454, 133, 'Bamako'),
(1455, 133, 'Douentza'),
(1456, 133, 'Goundam'),
(1457, 133, 'Gao'),
(1458, 133, 'Kenieba'),
(1459, 133, 'Kidal'),
(1460, 133, 'Kolokani'),
(1461, 133, 'Koutiala'),
(1462, 133, 'Kita'),
(1463, 133, 'Kayes'),
(1464, 133, 'Markala'),
(1465, 133, 'Mopti'),
(1466, 133, 'Menaka Cercle'),
(1467, 133, 'Niafunke'),
(1468, 133, 'Nara'),
(1469, 133, 'Nioro'),
(1470, 133, 'Sikasso'),
(1471, 133, 'Tombouctou'),
(1472, 133, 'Tessalit'),
(1473, 133, 'Yelimane'),
(1474, 81, 'Banjul'),
(1475, 201, 'Fuerteventura'),
(1476, 201, 'El Hierro'),
(1477, 201, 'La Palma'),
(1478, 201, 'Gran Canaria'),
(1479, 201, 'La Gomera'),
(1480, 201, 'Arrecife'),
(1481, 201, 'Tenerife'),
(1482, 201, 'Ceuta'),
(1483, 201, 'Melilla'),
(1484, 193, 'Bonthe'),
(1485, 193, 'Bo'),
(1486, 193, 'Gbangbatok'),
(1487, 193, 'Freetown'),
(1488, 193, 'Kabala'),
(1489, 193, 'Kenema'),
(1490, 193, 'Yengema'),
(1491, 93, 'Bubaque'),
(1492, 93, 'Bissau'),
(1493, 93, 'Cufar'),
(1494, 122, 'Buchanan'),
(1495, 122, 'Harper'),
(1496, 122, 'Greenville (Sinoe)'),
(1497, 122, 'Monrovia'),
(1498, 122, 'Nimba'),
(1499, 122, 'Sasstown'),
(1500, 122, 'Tchien'),
(1501, 122, 'Voinjama'),
(1502, 146, 'Souss-Massa-Draa'),
(1503, 146, 'Guelmim-Es Semara'),
(1504, 146, 'Gharb-Chrarda-Beni Hssen'),
(1505, 146, 'Fes-Boulemane'),
(1506, 146, 'Meknes-Tafilalet'),
(1507, 146, 'Oriental'),
(1508, 146, 'Taza-Al Hoceima-Taounate'),
(1509, 146, 'Chaouia-Ouardigha'),
(1510, 146, 'Greater Casablanca'),
(1511, 146, 'Tadla-Azilal'),
(1512, 146, 'Rabat-Sale-Zemmour-Zaer'),
(1513, 146, 'Marrakech-Tensift-El Haouz'),
(1514, 146, 'Doukkala-Abda'),
(1515, 146, 'Tangier-Tetouan'),
(1516, 237, 'Western Sahara'),
(1517, 190, 'Ziguinchor'),
(1518, 190, 'Kolda'),
(1519, 190, 'Cap Skiring'),
(1520, 190, 'Kaolack'),
(1521, 190, 'Dakar'),
(1522, 190, 'Matam'),
(1523, 190, 'Podor'),
(1524, 190, 'Richard Toll'),
(1525, 190, 'Saint-Louis'),
(1526, 190, 'Bakel'),
(1527, 190, 'Kedougou'),
(1528, 190, 'Simenti'),
(1529, 190, 'Tambacounda'),
(1530, 137, 'Aioun el Atrouss'),
(1531, 137, 'Boutilimit'),
(1532, 137, 'Tichitt'),
(1533, 137, 'Tidjikja'),
(1534, 137, 'Boghe'),
(1535, 137, 'Kiffa'),
(1536, 137, 'Timbedra'),
(1537, 137, 'Nima'),
(1538, 137, 'Akjoujt'),
(1539, 137, 'Kaedi'),
(1540, 137, 'Moudjeria'),
(1541, 137, 'Nouakchott'),
(1542, 137, 'Selibaby'),
(1543, 137, 'Tamchakett'),
(1544, 137, 'Atar'),
(1545, 137, 'Fderik'),
(1546, 137, 'Nouadhibou'),
(1547, 137, 'Bir Moghrein'),
(1548, 137, 'Zouerat'),
(1549, 237, 'El Aaiun (Laayoune)'),
(1550, 92, 'Conakry'),
(1551, 92, 'Fria'),
(1552, 92, 'Faranah'),
(1553, 92, 'Banankoro'),
(1554, 92, 'Port Kamsar'),
(1555, 92, 'Kissidougou'),
(1556, 92, 'Labe'),
(1557, 92, 'Macenta'),
(1558, 92, 'N\\''zerekore'),
(1559, 92, 'Boki'),
(1560, 92, 'Guinea'),
(1561, 92, 'Koundara'),
(1562, 92, 'Siguiri'),
(1563, 92, 'Kankan'),
(1564, 40, 'Espargos'),
(1565, 40, 'Santo Antao'),
(1566, 40, 'Rabil'),
(1567, 40, 'Praia'),
(1568, 40, 'Vila do Maio'),
(1569, 40, 'Mosteiros'),
(1570, 40, 'Sao Filipe'),
(1571, 40, 'Preguica'),
(1572, 40, 'Sao Pedro'),
(1573, 71, 'Addis Ababa'),
(1574, 71, 'Arba Minch'),
(1575, 71, 'Axum'),
(1576, 71, 'Bahir Dar'),
(1577, 71, 'Beica'),
(1578, 71, 'Bulchi'),
(1579, 71, 'Dessie'),
(1580, 71, 'Dembidolo'),
(1581, 71, 'Debre Marqos'),
(1582, 71, 'Dire Dawa'),
(1583, 71, 'Debre Tabor'),
(1584, 71, 'Finicha\\''a'),
(1585, 71, 'Goba'),
(1586, 71, 'Gambela'),
(1587, 71, 'Gondar'),
(1588, 71, 'Gode'),
(1589, 71, 'Gore'),
(1590, 71, 'Debre Zeyit'),
(1591, 71, 'Humera'),
(1592, 71, 'Jimma'),
(1593, 71, 'Kabri Dar'),
(1594, 71, 'Kelafo'),
(1595, 71, 'Awasa'),
(1596, 71, 'Mek\\''ele'),
(1597, 71, 'Mizan Teferi'),
(1598, 71, 'Negele Boran'),
(1599, 71, 'Nejo'),
(1600, 71, 'Nekemte'),
(1601, 71, 'Asosa'),
(1602, 71, 'Tippi'),
(1603, 71, 'Wacca'),
(1604, 36, 'Bujumbura'),
(1605, 36, 'Gitega'),
(1606, 36, 'Kirundo'),
(1607, 198, 'Alula'),
(1608, 36, 'Baidoa'),
(1609, 36, 'Candala'),
(1610, 36, 'Bardera'),
(1611, 36, 'Eil'),
(1612, 36, 'Boosaaso'),
(1613, 36, 'Gardo'),
(1614, 36, 'Hargeisa'),
(1615, 36, 'Berbera'),
(1616, 36, 'Kisimayu'),
(1617, 36, 'Mogadishu'),
(1618, 36, 'Obbia'),
(1619, 36, 'Galcaio'),
(1620, 36, 'Scusciuban'),
(1621, 36, 'Erigavo'),
(1622, 36, 'Burao'),
(1623, 61, 'Assa-Gueyla'),
(1624, 61, 'Djibouti City'),
(1625, 61, 'Ali-Sabieh'),
(1626, 61, 'Chabelley'),
(1627, 61, 'Dikhil'),
(1628, 61, 'Herkale'),
(1629, 61, 'Moucha Island'),
(1630, 61, 'Obock'),
(1631, 61, 'Tadjoura'),
(1632, 66, 'El Arish'),
(1633, 66, 'Assiut'),
(1634, 66, 'Alexandria'),
(1635, 66, 'Abu Simbel'),
(1636, 66, 'Cairo'),
(1637, 66, 'Cairo West'),
(1638, 66, 'Hurghada'),
(1639, 66, 'El Gora'),
(1640, 66, 'Luxor'),
(1641, 66, 'Marsa Alam'),
(1642, 66, 'Mersa Matruh'),
(1643, 66, 'New Valley'),
(1644, 66, 'Egypt'),
(1645, 66, 'Port Said'),
(1646, 66, 'St. Catherine'),
(1647, 66, 'Sharm El Sheikh'),
(1648, 66, 'Aswan'),
(1649, 66, 'Taba'),
(1650, 69, 'Asmara'),
(1651, 69, 'Massawa'),
(1652, 69, 'Assab'),
(1653, 69, 'Teseney'),
(1654, 112, 'Amboseli'),
(1655, 112, 'Eldoret'),
(1656, 112, 'Eliye Springs'),
(1657, 112, 'Kalokol'),
(1658, 112, 'Garissa'),
(1659, 112, 'Hola'),
(1660, 112, 'Nairobi'),
(1661, 112, 'Kisumu'),
(1662, 112, 'Kilaguni'),
(1663, 112, 'Kericho'),
(1664, 112, 'Kitale'),
(1665, 112, 'Lodwar'),
(1666, 112, 'Lamu'),
(1667, 112, 'Loiyangalani'),
(1668, 112, 'Mandera'),
(1669, 112, 'Marsabit'),
(1670, 112, 'Malindi'),
(1671, 112, 'Mombasa'),
(1672, 112, 'Moyale'),
(1673, 112, 'Nyeri'),
(1674, 112, 'Nakuru'),
(1675, 112, 'Nanyuki'),
(1676, 112, 'Samburu'),
(1677, 112, 'Wajir'),
(1678, 123, 'Ghat'),
(1679, 123, 'Kufra'),
(1680, 123, 'Benghazi'),
(1681, 123, 'Tripoli'),
(1682, 123, 'Bayda'),
(1683, 123, 'Sabha'),
(1684, 123, 'Brega'),
(1685, 123, 'Ghadames'),
(1686, 180, 'Gisenyi'),
(1687, 180, 'Butare'),
(1688, 180, 'Kigali'),
(1689, 180, 'Ruhengeri'),
(1690, 180, 'Cyangugu'),
(1691, 203, 'Atbara'),
(1692, 203, 'Eldebba'),
(1693, 203, 'Dongola'),
(1694, 203, 'El Fasher'),
(1695, 203, 'Dinder'),
(1696, 203, 'Geneina'),
(1697, 203, 'Kassala'),
(1698, 203, 'Khashm El Girba'),
(1699, 203, 'Kosti'),
(1700, 203, 'Maridi'),
(1701, 203, 'Merowe'),
(1702, 203, 'En Nahud'),
(1703, 203, 'Nyala'),
(1704, 203, 'El Obeid'),
(1705, 203, 'Port Sudan'),
(1706, 203, 'Juba'),
(1707, 203, 'Malakal'),
(1708, 203, 'Khartoum'),
(1709, 203, 'Wadi Halfa'),
(1710, 203, 'Wau'),
(1711, 212, 'Arusha'),
(1712, 212, 'Bukoba'),
(1713, 212, 'Dar es Salaam'),
(1714, 212, 'Dodoma'),
(1715, 212, 'Iringa'),
(1716, 212, 'Kigoma'),
(1717, 212, 'Kilwa Masoko'),
(1718, 212, 'Mount Kilimanjaro'),
(1719, 212, 'Lindi'),
(1720, 212, 'Lake Manyara'),
(1721, 212, 'Mafia'),
(1722, 212, 'Mbeya'),
(1723, 212, 'Mwadui'),
(1724, 212, 'Masasi'),
(1725, 212, 'Moshi'),
(1726, 212, 'Mtwara'),
(1727, 212, 'Musoma'),
(1728, 212, 'Mwanza'),
(1729, 212, 'Nachingwea'),
(1730, 212, 'Njombe'),
(1731, 212, 'Seronera'),
(1732, 212, 'Songea'),
(1733, 212, 'Sumbawanga'),
(1734, 212, 'Shinyanga'),
(1735, 212, 'Tabora'),
(1736, 212, 'Tanga'),
(1737, 212, 'Zanzibar'),
(1738, 223, 'Adjumani'),
(1739, 223, 'Arua'),
(1740, 223, 'Bundibugyo'),
(1741, 223, 'Entebbe (near Kampala)'),
(1742, 223, 'Gulu'),
(1743, 223, 'Jinja'),
(1744, 223, 'Kampala'),
(1745, 223, 'Kabale'),
(1746, 223, 'Kabalega Falls'),
(1747, 223, 'Kasese'),
(1748, 223, 'Kotido'),
(1749, 223, 'Mbarara'),
(1750, 223, 'Masindi'),
(1751, 223, 'Pakuba'),
(1752, 223, 'Soroti'),
(1753, 223, 'Tororo'),
(1754, 3, 'Tirana'),
(1755, 3, 'Gjader'),
(1756, 3, 'Korce'),
(1757, 3, 'Kukes'),
(1758, 3, 'Kucove'),
(1759, 3, 'Shkoder (Shkodra)'),
(1760, 3, 'Sarande (Saranda)'),
(1761, 3, 'Vlore (Vlora)'),
(1762, 34, 'Burgas'),
(1763, 34, 'Burgas Province'),
(1764, 34, 'Sofia'),
(1765, 34, 'Gorna Oryahovitsa'),
(1766, 34, 'Haskovo'),
(1767, 34, 'Yambol Province'),
(1768, 34, 'Kyrdjali'),
(1769, 34, 'Kazanlyk'),
(1770, 34, 'Gabrovnitsa (Gabrovnica)'),
(1771, 34, 'Plovdiv'),
(1772, 34, 'Graf Ignatievo / Plovdiv'),
(1773, 34, 'Pernik'),
(1774, 34, 'Dolna Mitropoliia / Pleven'),
(1775, 34, 'Primorsko (private)'),
(1776, 34, 'Rousse'),
(1777, 34, 'Dobroslavtsi (Dobroslavci)'),
(1778, 34, 'Sliven'),
(1779, 34, 'Silistra'),
(1780, 34, 'Stara Zagora'),
(1781, 34, 'Targovishte'),
(1782, 34, 'Voden'),
(1783, 34, 'Vidin'),
(1784, 34, 'Balchik'),
(1785, 34, 'Varna'),
(1786, 58, 'Lefkosa'),
(1787, 58, 'Larnaca'),
(1788, 58, 'Nicosia'),
(1789, 58, 'Paphos'),
(1790, 58, 'Akrotiri'),
(1791, 56, 'Daruvar'),
(1792, 56, 'Zagreb'),
(1793, 56, 'Ploce'),
(1794, 56, 'Dubrovnik'),
(1795, 56, 'Losinj'),
(1796, 56, 'Borovo'),
(1797, 56, 'Cepin'),
(1798, 56, 'Slavonski Brod'),
(1799, 56, 'Osijek'),
(1800, 56, 'Pula'),
(1801, 56, 'Medulin'),
(1802, 56, 'Unije'),
(1803, 56, 'Vrsar'),
(1804, 56, 'Grobnik'),
(1805, 56, 'Rijeka'),
(1806, 56, 'Otocac'),
(1807, 56, 'Brac'),
(1808, 56, 'Hvar'),
(1809, 56, 'Split'),
(1810, 56, 'Sinj'),
(1811, 56, 'Varazdin'),
(1812, 56, 'Cakovec'),
(1813, 56, 'Koprivnica'),
(1814, 56, 'Zadar'),
(1815, 56, 'Udbina'),
(1816, 201, 'Alicante'),
(1817, 201, 'Almeria'),
(1818, 201, 'Asturias'),
(1819, 201, 'Cordoba Andalucia'),
(1820, 201, 'Biscay'),
(1821, 201, 'Spain'),
(1822, 201, 'Barcelona / El Prat de Llobregat'),
(1823, 201, 'Badajoz'),
(1824, 201, 'Galicia'),
(1825, 201, 'Madrid'),
(1826, 201, 'Girona'),
(1827, 201, 'Granada'),
(1828, 201, 'Huesca'),
(1829, 201, 'Balearic Islands'),
(1830, 201, 'Cadiz'),
(1831, 201, 'Region de Murcia'),
(1832, 201, 'Barcelona'),
(1833, 201, 'Leon'),
(1834, 201, 'Ciudad Real'),
(1835, 201, 'Malaga'),
(1836, 201, 'Palma de Mallorca'),
(1837, 201, 'Navarre'),
(1838, 201, 'Murcia'),
(1839, 201, 'Logrono'),
(1840, 201, 'Tarragona'),
(1841, 201, 'Rota'),
(1842, 201, 'Gipuzkoa'),
(1843, 201, 'Valencia'),
(1844, 201, 'Valladolid'),
(1845, 201, 'Alava'),
(1846, 201, 'Cantabria'),
(1847, 201, 'Zaragoza'),
(1848, 201, 'Sevilla'),
(1849, 76, 'Dieppe'),
(1850, 76, 'Dunkerque'),
(1851, 76, 'Compiegne'),
(1852, 76, 'Le Treport'),
(1853, 76, 'Laon'),
(1854, 76, 'Peronne'),
(1855, 76, 'Nangis'),
(1856, 76, 'Argentan'),
(1857, 76, 'La Fleche'),
(1858, 76, 'Berck-sur-Mer'),
(1859, 76, 'Bagnoles-de-l\\''Orne'),
(1860, 76, 'Rethel'),
(1861, 76, 'Albert'),
(1862, 76, 'Montdidier'),
(1863, 76, 'Falaise'),
(1864, 76, 'Le Touquet-Paris-Plage'),
(1865, 76, 'Vauville'),
(1866, 76, 'Valenciennes'),
(1867, 76, 'Villerupt'),
(1868, 76, 'Mortagne-au-Perche'),
(1869, 76, 'Amiens'),
(1870, 76, 'Saint-Brieuc'),
(1871, 76, 'Agen'),
(1872, 76, 'Bordeaux'),
(1873, 76, 'Bergerac'),
(1874, 76, 'Cognac'),
(1875, 76, 'La Rochelle'),
(1876, 76, 'Poitiers'),
(1877, 76, 'Saint-Junien'),
(1878, 76, 'Montlucon '),
(1879, 76, 'Limoges'),
(1880, 76, 'Mont-de-Marsan'),
(1881, 76, 'Niort'),
(1882, 76, 'Toulouse'),
(1883, 76, 'Pyrenees'),
(1884, 76, 'Lherm'),
(1885, 76, 'Biscarrosse'),
(1886, 76, 'Tarbes'),
(1887, 76, 'Angouleme'),
(1888, 76, 'Brive'),
(1889, 76, 'Perigueux'),
(1890, 76, 'Dax'),
(1891, 76, 'Biarritz'),
(1892, 76, 'Chatellerault'),
(1893, 76, 'Bagneres-de-Luchon'),
(1894, 76, 'Cahors'),
(1895, 76, 'Andernos-les-Bains'),
(1896, 76, 'Gueret'),
(1897, 76, 'Figeac'),
(1898, 76, 'Saint-Girons'),
(1899, 76, 'Arcachon'),
(1900, 76, 'Albi'),
(1901, 76, 'Jonzac'),
(1902, 76, 'Mazamet'),
(1903, 76, 'Millau'),
(1904, 76, 'Nogaro'),
(1905, 76, 'Oloron'),
(1906, 76, 'Pons'),
(1907, 76, 'Graulhet'),
(1908, 76, 'Rodez'),
(1909, 76, 'Thouars'),
(1910, 76, 'Thalamy'),
(1911, 76, 'Villefranche-de-Rouergue'),
(1912, 76, 'Villeneuve-sur-Lot'),
(1913, 76, 'Castelsarrasin'),
(1914, 76, 'Royan'),
(1915, 76, 'Mimizan'),
(1916, 76, 'Aire-sur-l\\''Adour'),
(1917, 76, 'Montauban'),
(1918, 76, 'Montendre'),
(1919, 76, 'Egletons'),
(1920, 76, 'Sainte-Foy-la-Grande'),
(1921, 76, 'Gaillac'),
(1922, 76, 'Auch'),
(1923, 76, 'Libourne'),
(1924, 76, 'Pamiers'),
(1925, 76, 'Soulac-sur-Mer'),
(1926, 76, 'Loudun'),
(1927, 76, 'Marmande'),
(1928, 76, 'Rochefort'),
(1929, 76, 'Saint-Pierre d\\\\\\''Oleron'),
(1930, 76, 'Castelnau'),
(1931, 76, 'La Reole'),
(1932, 76, 'Sarlat'),
(1933, 76, 'Lesparre-Medoc'),
(1934, 76, 'Couhe'),
(1935, 76, 'Chauvigny'),
(1936, 76, 'Fumel'),
(1937, 76, 'Belle Ile'),
(1938, 76, 'Dinan'),
(1939, 76, 'Ouessant'),
(1940, 76, 'Pontivy'),
(1941, 76, 'Amboise'),
(1942, 76, 'Argenton-sur-Creuse'),
(1943, 76, 'Aubigny-sur-Nere'),
(1944, 76, 'Briare'),
(1945, 76, 'Chateauroux '),
(1946, 76, 'Issoudun'),
(1947, 76, 'Le Blanc'),
(1948, 76, 'Montargis'),
(1949, 76, 'Tours'),
(1950, 76, 'Saint-Malo'),
(1951, 76, 'Pouilly-en-Auxois'),
(1952, 76, 'Quiberon'),
(1953, 76, 'Redon'),
(1954, 76, 'Guiscriff'),
(1955, 76, 'Til Chatel '),
(1956, 76, 'Bar-le-Duc'),
(1957, 76, 'Gray'),
(1958, 76, 'Saulieu'),
(1959, 76, 'Nancy'),
(1960, 76, 'Ile d\\\\\\''Yeu'),
(1961, 76, 'Buno'),
(1962, 76, 'Mantes'),
(1963, 76, 'Saint-Andre-de-l\\\\\\''Eure'),
(1964, 76, 'Enghien'),
(1965, 76, 'La Ferte-Gaucher '),
(1966, 76, 'Chateau-Thierry'),
(1967, 76, 'Ancenis'),
(1968, 76, 'Joinville'),
(1969, 76, 'Fontenay-le-Comte'),
(1970, 76, 'Bailleau-Armenonville'),
(1971, 76, 'Lamotte-Beuvron'),
(1972, 76, ' Brienne-Le-Chateau'),
(1973, 76, 'Pithiviers'),
(1974, 76, ' La Ferte-Alais'),
(1975, 76, 'Bar-sur-Seine'),
(1976, 76, 'Neufchateau'),
(1977, 76, 'Chateauneuf-sur-Cher'),
(1978, 76, 'Vierzon'),
(1979, 76, 'Montaigu'),
(1980, 76, 'Tournus'),
(1981, 76, 'Etrepagny'),
(1982, 76, 'Sezanne'),
(1983, 76, 'Colmar'),
(1984, 76, 'Mulhouse'),
(1985, 76, 'Strasbourg'),
(1986, 76, 'Arbois'),
(1987, 76, 'Avallon'),
(1988, 76, 'Beaune'),
(1989, 76, 'Belfort'),
(1990, 76, 'Cosne-Cours-sur-Loire'),
(1991, 76, 'Dijon'),
(1992, 76, 'Dole'),
(1993, 76, 'Joigny'),
(1994, 76, 'Lons-le-Saunier'),
(1995, 76, 'Montceau-les-Mines'),
(1996, 76, 'Paray-le-Monial'),
(1997, 76, 'Pont-sur-Yonne'),
(1998, 76, 'Saint-Florentin'),
(1999, 76, 'Semur-en-Auxois'),
(2000, 76, 'Doncourt Les Conflans'),
(2001, 76, 'Longuyon'),
(2002, 76, 'Sarrebourg'),
(2003, 76, 'Sarreguemines'),
(2004, 76, 'Thionville'),
(2005, 76, 'Verdun'),
(2006, 76, 'Champagnole'),
(2007, 76, 'Saint-Die'),
(2008, 76, 'Nuits-Saint-Georges'),
(2009, 76, 'Issoire'),
(2010, 76, 'Perouges'),
(2011, 76, 'Pierrelatte'),
(2012, 76, 'Romans-sur-Isere'),
(2013, 76, 'Ruoms'),
(2014, 76, 'Saint-Chamond'),
(2015, 76, 'Vienne'),
(2016, 76, 'Morestel'),
(2017, 76, 'Lyon'),
(2018, 76, 'Langogne'),
(2019, 76, 'Megeve'),
(2020, 76, 'Bellegarde'),
(2021, 76, 'Aubenas'),
(2022, 76, 'Le Puy-en-Velay'),
(2023, 76, 'Saint-Flour'),
(2024, 76, 'Brioude'),
(2025, 76, 'Bourg-en-Bresse'),
(2026, 76, 'Ambert'),
(2027, 76, 'L\\''Alpe d\\''Huez'),
(2028, 76, 'Tarare'),
(2029, 76, 'Rhone'),
(2030, 76, 'Lapalisse'),
(2031, 76, 'Moulins'),
(2032, 76, 'Sallanches'),
(2033, 76, 'Belves'),
(2034, 76, 'Condom'),
(2035, 76, 'Saint-Affrique'),
(2036, 76, 'Cassagnes-Begonhes'),
(2037, 76, 'Chalais'),
(2038, 76, 'Riberac'),
(2039, 76, 'Rion-des-Landes'),
(2040, 76, 'Saint-Gaudens'),
(2041, 76, 'Toulouse-Montaudran'),
(2042, 76, 'Peyresourde'),
(2043, 76, 'Revel'),
(2044, 76, 'Saint-Inglevert'),
(2045, 76, 'Vendays-Montalivet'),
(2046, 76, 'Itxassou'),
(2047, 76, 'Saint Jean d\\\\\\''Angely'),
(2048, 76, 'Chaumont'),
(2049, 76, 'Mauleon'),
(2050, 76, 'Clamecy'),
(2051, 76, 'Corlier'),
(2052, 76, 'La Motte-Chalancon'),
(2053, 76, 'Aubenasson'),
(2054, 76, 'Cazeres'),
(2055, 76, 'Marennes'),
(2056, 76, 'Metz'),
(2057, 76, 'Angers'),
(2058, 76, 'Soissons'),
(2059, 76, 'Lurcy'),
(2060, 76, 'Albertville'),
(2061, 76, 'Bastia'),
(2062, 76, 'Calvi'),
(2063, 76, 'Sollieres-Sardieres'),
(2064, 76, 'Saint-Jean-en-Royans'),
(2065, 76, 'Figari'),
(2066, 76, 'Ghisonaccia'),
(2067, 76, 'Saint-Jean-d\\''Avelanne'),
(2068, 76, 'Ajaccio'),
(2069, 76, 'Saint-Galmier'),
(2070, 76, 'Propriano'),
(2071, 76, 'La Tour-du-Pin'),
(2072, 76, 'Saint-Remy-de-Maurienne'),
(2073, 76, 'Solenzara'),
(2074, 76, 'Corte'),
(2075, 76, 'Meribel '),
(2076, 76, 'Belley'),
(2077, 76, 'Saint-Claude'),
(2078, 76, 'Auxerre'),
(2079, 76, 'Aix-les-Bains'),
(2080, 76, 'Clermont-Ferrand'),
(2081, 76, 'Bourges'),
(2082, 76, 'Chambery '),
(2083, 76, 'Grenoble'),
(2084, 76, 'Chalon'),
(2085, 76, 'Annemasse'),
(2086, 76, 'Courchevel'),
(2087, 76, 'Oyonnax'),
(2088, 76, 'Macon'),
(2089, 76, 'Saint-Yan'),
(2090, 76, 'Roanne'),
(2091, 76, 'Annecy'),
(2092, 76, 'Montelimar'),
(2093, 76, 'Saint-Rambert-d\\''Albon'),
(2094, 76, 'Valence'),
(2095, 76, 'Vichy'),
(2096, 76, 'Aurillac'),
(2097, 76, 'Deols'),
(2098, 76, 'Feurs'),
(2099, 76, 'Aix-les-Milles'),
(2100, 76, 'Le Luc'),
(2101, 76, 'Cannes'),
(2102, 76, ' Nimes'),
(2103, 76, 'Fayence'),
(2104, 76, 'La Montagne Noire'),
(2105, 76, 'Saint Etienne'),
(2106, 76, 'Istres'),
(2107, 76, 'Carcassonne'),
(2108, 76, 'Marseille'),
(2109, 76, 'Aix-en-Provence'),
(2110, 76, 'Nice'),
(2111, 76, 'Orange'),
(2112, 76, 'Perpignan'),
(2113, 76, 'Le Castellet'),
(2114, 76, 'Barcelonnette'),
(2115, 76, 'Ales'),
(2116, 76, 'Montpellier'),
(2117, 76, 'Beziers'),
(2118, 76, 'Avignon'),
(2119, 76, 'Castelnaudary'),
(2120, 76, 'Chateau-Arnoux'),
(2121, 76, 'Lezignan-Corbieres'),
(2122, 76, 'Gap'),
(2123, 76, 'Mende'),
(2124, 76, 'Mont-Dauphin'),
(2125, 76, 'Pont-Saint-Esprit'),
(2126, 76, 'Salon'),
(2127, 76, 'Vinon'),
(2128, 76, 'Carpentras'),
(2129, 76, 'Aspres-sur-Buech'),
(2130, 76, 'Saint-Martin-de-Londres'),
(2131, 76, 'Florac'),
(2132, 76, 'Pezenas'),
(2133, 76, 'Mont-Louis'),
(2134, 76, 'Berre'),
(2135, 76, 'Sisteron'),
(2136, 76, 'Uzes'),
(2137, 76, 'Valreas'),
(2138, 76, 'Puivert'),
(2139, 76, 'Bedarieux'),
(2140, 76, 'Le Mazet'),
(2141, 76, 'Beauvais'),
(2142, 76, 'Chateaudun'),
(2143, 76, 'Saumur'),
(2144, 76, 'Evreux'),
(2145, 76, 'Aleneon'),
(2146, 76, 'Flers'),
(2147, 76, 'Le Havre'),
(2148, 76, 'Abbeville'),
(2149, 76, 'Orleans'),
(2150, 76, 'Chalons-en-Champagne'),
(2151, 76, 'L\\''Aigle'),
(2152, 76, 'Lessay'),
(2153, 76, 'Dreux'),
(2154, 76, 'Les Sables-d\\''Olonne'),
(2155, 76, 'Rouen'),
(2156, 76, 'Blois'),
(2157, 76, 'Chartres'),
(2158, 76, 'Saint-Valery'),
(2159, 76, 'Cholet'),
(2160, 76, 'Laval'),
(2161, 76, 'Saint-Quentin'),
(2162, 76, 'Etampes'),
(2163, 76, 'Beaumont'),
(2164, 76, 'Paris'),
(2165, 76, 'Creil'),
(2166, 76, 'Eure'),
(2167, 76, 'Meaux'),
(2168, 76, 'Beynes'),
(2169, 76, 'Chelles'),
(2170, 76, 'Coulommiers'),
(2171, 76, 'Lognes'),
(2172, 76, 'Melun'),
(2173, 76, 'Toussus-le-Noble'),
(2174, 76, 'Orly (near Paris)'),
(2175, 76, 'Le Plessis-Belleville'),
(2176, 76, 'Fontenay Tresigny'),
(2177, 76, 'Pontoise'),
(2178, 76, 'Moret-sur-Loing'),
(2179, 76, 'Villacoublay'),
(2180, 76, 'Chavenay'),
(2181, 76, 'Bretigny-sur-Orge'),
(2182, 76, 'Saint Cyr l\\\\\\''Ecole'),
(2183, 76, 'Reims'),
(2184, 76, 'Troyes'),
(2185, 76, 'Luneville'),
(2186, 76, 'Arras'),
(2187, 76, 'Autun'),
(2188, 76, 'Nevers'),
(2189, 76, ' Chatillon sur Seine'),
(2190, 76, 'Cambrai');
INSERT INTO `master_locations` (`location_id`, `country_id`, `location_name`) VALUES
(2191, 76, 'Maubeuge'),
(2192, 76, 'Lens'),
(2193, 76, 'Besancon'),
(2194, 76, 'Saint-Omer'),
(2195, 76, 'Lille'),
(2196, 76, 'Romilly-sur-Seine'),
(2197, 76, 'Vitry-en-Artois'),
(2198, 76, 'Merville / Hazebrouck'),
(2199, 76, 'Sarre-Union'),
(2200, 76, 'Charleville-Mezieres '),
(2201, 76, 'Vesoul'),
(2202, 76, 'Juvancourt'),
(2203, 76, 'Saverne'),
(2204, 76, 'Dieuze'),
(2205, 76, 'Brest'),
(2206, 76, 'Cherbourg'),
(2207, 76, 'Dinard'),
(2208, 76, 'La Baule-Escoublac'),
(2209, 76, 'Granville'),
(2210, 76, 'Deauville'),
(2211, 76, 'Lorient'),
(2212, 76, 'La Roche-sur-Yon'),
(2213, 76, 'Landivisiau'),
(2214, 76, 'Caen'),
(2215, 76, 'Le Mans'),
(2216, 76, 'Rennes'),
(2217, 76, 'Lannion'),
(2218, 76, 'Ploermel '),
(2219, 76, 'Quimper'),
(2220, 76, 'Nantes'),
(2221, 76, 'Morlaix'),
(2222, 76, 'Vannes'),
(2223, 76, 'Avranches'),
(2224, 76, 'Saint-Nazaire'),
(2225, 76, 'Basel (Switzerland) / Mulhouse'),
(2226, 76, 'Epinal'),
(2227, 76, 'Haguenau'),
(2228, 76, 'Sedan'),
(2229, 76, 'Vitry-le-Francois '),
(2230, 76, 'Montbeliard'),
(2231, 76, 'Pontarlier'),
(2232, 76, 'Langres'),
(2233, 76, 'Pont-Saint-Vincent'),
(2234, 76, 'Epernay'),
(2235, 76, 'Vittel'),
(2236, 76, 'Marignane'),
(2237, 76, 'Cuers'),
(2238, 76, 'Toulon'),
(2239, 76, 'Serres-la-Batie'),
(2240, 76, 'La Grand\\''Combe'),
(2241, 76, 'Puimoisson'),
(2242, 76, 'Chateaubriant'),
(2243, 76, 'Saint-Mandrier-sur-Mer'),
(2244, 76, 'Frejus'),
(2245, 76, 'La Mole'),
(2246, 76, 'Amberieu-en-Bugey'),
(2247, 76, 'Saintes'),
(2248, 76, 'Mourmelon'),
(2249, 76, 'Narbonne'),
(2250, 76, 'Les Mureaux'),
(2251, 76, 'Romorantin'),
(2252, 76, 'Sainte-Leocadie'),
(2253, 184, 'Miquelon'),
(2254, 184, 'Saint-Pierre'),
(2255, 86, 'Agrinion'),
(2256, 86, 'Alexandroupolis'),
(2257, 86, 'Andravida'),
(2258, 86, 'Athens (Athina)'),
(2259, 86, 'Thessaly'),
(2260, 86, 'Athens'),
(2261, 86, 'Chios'),
(2262, 86, 'Ikaria'),
(2263, 86, 'Ioannina'),
(2264, 86, 'Kastoria'),
(2265, 86, 'Kythira (Kithira)'),
(2266, 86, 'Kefalonia (Kefallinia, Cephallonia)'),
(2267, 86, 'Kastelorizo'),
(2268, 86, 'Kalamata'),
(2269, 86, 'Marathon'),
(2270, 86, 'Kos'),
(2271, 86, 'Karpathos'),
(2272, 86, 'Corfu (Kerkyra, Kerkira)'),
(2273, 86, 'Kasos (Kassos)'),
(2274, 86, 'Kavala'),
(2275, 86, 'Kozani'),
(2276, 86, 'Lemnos (Limnos)'),
(2277, 86, 'Mykonos (Mikonos)'),
(2278, 86, 'Milos'),
(2279, 86, 'Lesbos'),
(2280, 86, 'Naxos'),
(2281, 86, 'Paros'),
(2282, 86, 'Astypalaia'),
(2283, 86, 'Preveza'),
(2284, 86, 'Rhodes (Rhodos, Rodos)'),
(2285, 86, 'Araxos'),
(2286, 86, 'Skiathos'),
(2287, 86, 'Samos'),
(2288, 86, 'Syros (Siros)'),
(2289, 86, 'Laconia'),
(2290, 86, 'Santorini (Thira)'),
(2291, 86, 'Skyros (Skiros)'),
(2292, 86, 'Thessaloniki'),
(2293, 86, 'Decelea'),
(2294, 86, 'Zakynthos (Zakinthos)'),
(2295, 99, 'Budapest'),
(2296, 99, 'Budaors'),
(2297, 99, 'Debrecen'),
(2298, 99, 'Dunakeszi'),
(2299, 99, 'Dunaujvaros'),
(2300, 99, 'Ersekcsanad'),
(2301, 99, 'Esztergom'),
(2302, 99, 'Fertoszentmiklos'),
(2303, 99, 'Kecskemet'),
(2304, 99, 'Nyiregyhaza'),
(2305, 99, 'Ocseny'),
(2306, 99, 'Papa'),
(2307, 99, 'Pecs'),
(2308, 99, 'Per'),
(2309, 99, 'Szentkiralyszabadja'),
(2310, 99, 'Sarmellek'),
(2311, 99, 'Szolnok'),
(2312, 99, 'Szegvar'),
(2313, 99, 'Tasza'),
(2314, 99, 'Tokol'),
(2315, 99, 'Szeged'),
(2316, 107, 'Foligno'),
(2317, 107, 'L\\''Aquila'),
(2318, 107, 'Pisa'),
(2319, 107, 'Capua'),
(2320, 107, 'Foggia'),
(2321, 107, 'Crotone'),
(2322, 107, 'Bari'),
(2323, 107, 'Taranto'),
(2324, 107, 'Lecce'),
(2325, 107, 'Pescara'),
(2326, 107, 'Brindisi'),
(2327, 107, 'Catanzaro'),
(2328, 107, 'Comiso'),
(2329, 107, 'Catania'),
(2330, 107, 'Lampedusa'),
(2331, 107, 'Trapani'),
(2332, 107, 'Palermo / Punta Raisi'),
(2333, 107, 'Palermo'),
(2334, 107, 'Reggio Calabria'),
(2335, 107, 'Vicenza'),
(2336, 107, 'Belluno'),
(2337, 107, 'Reggio Emilia'),
(2338, 107, 'Pesaro & Urbino'),
(2339, 107, 'Ravenna'),
(2340, 107, 'Trento'),
(2341, 107, 'Carpi'),
(2342, 107, 'Sassari'),
(2343, 107, 'Cagliari'),
(2344, 107, 'Olbia'),
(2345, 107, 'Oristano'),
(2346, 107, 'Tortola'),
(2347, 107, 'Biella'),
(2348, 107, 'Varese'),
(2349, 107, 'Pavia'),
(2350, 107, 'Cremona'),
(2351, 107, 'Turin (Torino)'),
(2352, 107, 'Milan'),
(2353, 107, 'Bergamo'),
(2354, 107, 'Savona'),
(2355, 107, 'Genoa (Genova)'),
(2356, 107, 'Novara'),
(2357, 107, 'Parma'),
(2358, 107, 'Piacenza'),
(2359, 107, 'Aosta'),
(2360, 107, 'Cuneo'),
(2361, 107, 'Pordenone'),
(2362, 107, 'South Tyrol'),
(2363, 107, 'Campoformido / Udine'),
(2364, 107, 'Bologna'),
(2365, 107, 'Ferrara'),
(2366, 107, 'Treviso'),
(2367, 107, 'Rivolto / Udine'),
(2368, 107, 'Forli'),
(2369, 107, 'Brescia'),
(2370, 107, 'Modena'),
(2371, 107, 'Verona'),
(2372, 107, 'Ronchi dei Legionari / Trieste'),
(2373, 107, 'Rimini'),
(2374, 107, 'Padua (Padova)'),
(2375, 107, 'Venice (Venezia)'),
(2376, 107, 'Ancona'),
(2377, 107, 'Arezzo'),
(2378, 107, 'Lucca'),
(2379, 107, 'Siena'),
(2380, 107, 'Genoa'),
(2381, 107, 'Rome'),
(2382, 107, 'Salerno'),
(2383, 107, 'Elba'),
(2384, 107, 'Latina'),
(2385, 107, 'Caserta'),
(2386, 107, 'Naples'),
(2387, 107, 'Florence (Firenze)'),
(2388, 107, 'Grosseto'),
(2389, 107, 'Viterbo'),
(2390, 107, 'Perugia'),
(2391, 107, ' Ajdovscina'),
(2392, 196, 'Lesce'),
(2393, 196, 'Bovec'),
(2394, 196, 'Brezice'),
(2395, 196, 'Celje (Levec)'),
(2396, 196, 'Ljubljana'),
(2397, 196, 'Maribor'),
(2398, 196, 'Murska Sobota (Rakican)'),
(2399, 196, 'Novo Mesto (Precna)'),
(2400, 196, 'Postojna'),
(2401, 196, 'Ptuj (Moskanjci)'),
(2402, 196, 'Portoroz'),
(2403, 196, 'Slovenj Gradec'),
(2404, 196, 'Velenje '),
(2405, 59, 'Breclav'),
(2406, 59, 'Benesov'),
(2407, 59, 'Broumov'),
(2408, 59, 'Bubovice'),
(2409, 59, 'Cheb'),
(2410, 59, 'Ceska Lipa'),
(2411, 59, 'Chomutov'),
(2412, 59, 'Medlanky'),
(2413, 59, 'Ceske Budejovice'),
(2414, 59, 'Chotebor'),
(2415, 59, 'Dvur Kralove  nad Labem'),
(2416, 59, 'Havlickuv Brod'),
(2417, 59, 'Horice'),
(2418, 59, 'Hodkovice nad Mohelkou'),
(2419, 59, 'Hranice'),
(2420, 59, 'Holesov'),
(2421, 59, 'Jaromer'),
(2422, 59, 'Jicin'),
(2423, 59, 'Jindrichuv Hradec'),
(2424, 59, 'Jihlava'),
(2425, 59, 'Praha'),
(2426, 59, 'Kladno'),
(2427, 59, 'Kolin'),
(2428, 59, 'Krnov'),
(2429, 59, 'Krizanov'),
(2430, 59, 'Klatovy'),
(2431, 59, 'Kunovice'),
(2432, 59, 'Karlovy Vary'),
(2433, 59, 'Kyjov'),
(2434, 59, 'Let&#328;any'),
(2435, 59, 'Mlada Boleslav'),
(2436, 59, 'Mnichovo Hradiste'),
(2437, 59, 'Mikulovice'),
(2438, 59, 'Moravska Trebova'),
(2439, 59, 'Most'),
(2440, 59, 'Marianske Lazne'),
(2441, 59, 'Ostrava'),
(2442, 59, 'Nove Mesto nad Metuji'),
(2443, 59, 'Olomouc'),
(2444, 59, 'Otrokovice'),
(2445, 59, 'Policka'),
(2446, 59, 'Pardubice'),
(2447, 59, 'P&#345;ibyslav'),
(2448, 59, 'Letkov'),
(2449, 59, 'Pribram'),
(2450, 59, 'Podhorany'),
(2451, 59, 'Prerov'),
(2452, 59, 'Prague'),
(2453, 59, 'Plasy'),
(2454, 59, 'Rana u Loun'),
(2455, 59, 'Rakovnik'),
(2456, 59, 'Roudnice'),
(2457, 59, 'Sta&#328;kov'),
(2458, 59, 'Skutec'),
(2459, 59, 'Slana'),
(2460, 59, 'Sobeslav'),
(2461, 59, 'Strunkovice'),
(2462, 59, 'Strakonice'),
(2463, 59, 'A umperk'),
(2464, 59, 'Sazena'),
(2465, 59, 'Tabor'),
(2466, 59, 'Brno'),
(2467, 59, 'Tocna'),
(2468, 59, 'Touzim'),
(2469, 59, 'Usti nad Orlici'),
(2470, 59, 'Vlasim'),
(2471, 59, 'Vysoke Myto'),
(2472, 59, 'Vodochody'),
(2473, 59, 'Velke Porici '),
(2474, 59, 'Vrchlabi'),
(2475, 59, 'Vyskov'),
(2476, 59, 'Zabreh'),
(2477, 59, 'Zbraslavice'),
(2478, 106, 'Lod / Tel Aviv'),
(2479, 106, 'Beersheba (Be\\''er Sheva)'),
(2480, 106, 'Tel Nof (Tel Nov)'),
(2481, 106, 'Ein Shemer (Eyn-Shemer)'),
(2482, 106, 'Eilat'),
(2483, 106, 'Ein Yahav (Eyn-Yahav)'),
(2484, 106, 'Fiq, Golan Heights'),
(2485, 106, 'Haifa'),
(2486, 106, 'Hatzor'),
(2487, 106, 'Herzliya (Herzlia)'),
(2488, 106, 'Rosh-Pina'),
(2489, 106, 'Jerusalem (currently closed)'),
(2490, 106, 'Qiryat Shemona (Kiryat-Shmona)'),
(2491, 106, 'Megiddo (Meggido)'),
(2492, 106, 'Mitzpe Ramon'),
(2493, 106, 'Masada'),
(2494, 106, 'Nevatim'),
(2495, 106, 'Negev'),
(2496, 106, 'Megiddo'),
(2497, 106, 'Tel Aviv'),
(2498, 106, 'Yotvata'),
(2499, 134, 'Luqa'),
(2500, 143, 'Monte Carlo'),
(2501, 15, 'Lower Austria'),
(2502, 15, 'Carinthia'),
(2503, 15, 'Upper Austria'),
(2504, 15, 'Styria'),
(2505, 15, 'Tyrol'),
(2506, 15, 'Salzburg'),
(2507, 15, 'Graz'),
(2508, 15, 'Linz'),
(2509, 15, 'Vienna'),
(2510, 174, 'Vila Franca de Xira'),
(2511, 174, 'Aveiro'),
(2512, 174, 'Braganca'),
(2513, 174, 'Beja'),
(2514, 174, 'Braga'),
(2515, 174, 'Chaves'),
(2516, 174, 'Coimbra'),
(2517, 174, 'Sintra Coast / Greater Lisbon'),
(2518, 174, 'Castelo Branco'),
(2519, 174, 'Alentejo Central'),
(2520, 174, 'Faro'),
(2521, 174, 'Paramos / Silvalde/Espinho'),
(2522, 174, 'Braganca'),
(2523, 174, 'Idanha-a-Nova'),
(2524, 174, 'Mirandela'),
(2525, 174, 'Ponte de Sor'),
(2526, 174, 'Leiria'),
(2527, 174, 'Montijo'),
(2528, 174, 'Mogadouro'),
(2529, 174, 'Alenquer'),
(2530, 174, 'Ovar'),
(2531, 174, 'Porto'),
(2532, 174, 'Lisbon'),
(2533, 174, 'Torres Vedras'),
(2534, 174, 'Setubal'),
(2535, 174, 'Santarem'),
(2536, 174, 'Sintra'),
(2537, 174, 'Medio Tejo'),
(2538, 174, 'Maia'),
(2539, 174, 'Loule  TERMINATED'),
(2540, 174, 'Vila Real / Alto Douro'),
(2541, 174, 'Viseu '),
(2542, 174, 'Santa Maria Island / Vila do Porto'),
(2543, 174, 'Corvo Island / Vila do Corvo'),
(2544, 174, 'Flores Island / Santa Cruz das Flores'),
(2545, 174, 'Graciosa Island / Santa Cruz da Graciosa'),
(2546, 174, 'Faial Island'),
(2547, 174, 'Azores'),
(2548, 174, 'Sao Miguel Island'),
(2549, 174, 'Pico Island '),
(2550, 174, 'Sao Jorge Island /Velas'),
(2551, 174, 'Madeira Island (Santa Cruz) /Funchal area '),
(2552, 174, 'Porto Santo Island / Vila Baleira '),
(2553, 28, 'Bihac'),
(2554, 28, 'Banja Luka'),
(2555, 28, 'Sarajevo'),
(2556, 28, 'Coralici'),
(2557, 28, 'Glamoc'),
(2558, 28, 'Tuzla'),
(2559, 28, 'Kupres'),
(2560, 28, 'Livno'),
(2561, 28, 'Mostar'),
(2562, 28, 'Prijedor'),
(2563, 28, 'Tomislavgrad'),
(2564, 28, 'Novi Travnik'),
(2565, 28, 'Visoko'),
(2566, 178, 'Arad'),
(2567, 178, 'Bacau'),
(2568, 178, 'Brasov'),
(2569, 178, 'Baia Mare'),
(2570, 178, 'Bucharest'),
(2571, 178, 'Constanta'),
(2572, 178, 'Cluj-Napoca'),
(2573, 178, 'Resita'),
(2574, 178, 'Craiova'),
(2575, 178, 'Ia&#351;i'),
(2576, 178, 'Oradea'),
(2577, 178, 'Sibiu'),
(2578, 178, 'Satu Mare'),
(2579, 178, 'Suceava'),
(2580, 178, 'Tulcea'),
(2581, 178, 'Targu-Mures'),
(2582, 178, 'Timi&#351;oara'),
(2583, 206, 'Raron'),
(2584, 208, 'Zermatt'),
(2585, 208, 'Bex'),
(2586, 208, 'La Chaux-de-Fonds'),
(2587, 208, 'Ecuvillens'),
(2588, 208, 'Geneva'),
(2589, 208, 'Saanen'),
(2590, 208, 'Lausanne / Blecherette'),
(2591, 208, 'Neuchatel'),
(2592, 208, 'La Cote '),
(2593, 208, 'Reichenbach'),
(2594, 208, 'Sion (ICAO code applies to civilian airport)'),
(2595, 208, 'Gruyere'),
(2596, 208, 'Yverdon-les-Bains'),
(2597, 208, 'Collombey-Muraz'),
(2598, 208, 'Gampel'),
(2599, 208, 'Alpnach (military)'),
(2600, 208, 'Dubendorf(military)'),
(2601, 208, 'Emmen (military)'),
(2602, 208, 'Mollis'),
(2603, 208, 'Meiringen (military)'),
(2604, 208, 'Payerne (military)'),
(2605, 208, 'Sion (military)'),
(2606, 208, 'Amlikon'),
(2607, 208, 'Dittingen'),
(2608, 208, 'Schaffhausen'),
(2609, 208, 'Kagiswil'),
(2610, 208, 'Winterthur'),
(2611, 208, 'Hasenstrick'),
(2612, 208, 'Langenthal'),
(2613, 208, 'Ambri'),
(2614, 208, 'Triengen'),
(2615, 208, 'Olten'),
(2616, 208, 'Wangen-Lachen'),
(2617, 208, 'Canton of Fribourg'),
(2618, 208, 'Matiers'),
(2619, 208, 'Montricher'),
(2620, 208, 'St. Stephan'),
(2621, 208, 'Balzers'),
(2622, 208, 'Gsteigwiler'),
(2623, 208, 'Interlaken'),
(2624, 208, 'Benken'),
(2625, 208, 'Lauterbrunnen'),
(2626, 208, 'Trogen'),
(2627, 208, 'Schindellegi'),
(2628, 208, 'Untervaz'),
(2629, 208, 'Wurenlingen'),
(2630, 208, 'Leysin'),
(2631, 208, 'Lugano / Agno'),
(2632, 208, 'Berne / Belp'),
(2633, 208, 'Buochs'),
(2634, 208, 'Ascona'),
(2635, 208, 'Bad Ragaz'),
(2636, 208, 'Birrfeld'),
(2637, 208, 'Grenchen'),
(2638, 208, ' Zurich / Kloten'),
(2639, 208, 'Fricktal-Schupfart'),
(2640, 208, 'Courtelary'),
(2641, 208, 'Speck-Fehraltorf'),
(2642, 208, 'Locarno'),
(2643, 208, 'Hausen am Albis'),
(2644, 208, 'Luzern-Beromunster'),
(2645, 208, 'Biel-Kappelen'),
(2646, 208, 'St. Gallen / Altenrhein'),
(2647, 208, 'Samedan'),
(2648, 208, 'Lommis'),
(2649, 208, 'Buttwil'),
(2650, 208, 'Sitterdorf'),
(2651, 208, 'Thun'),
(2652, 208, 'Schanis'),
(2653, 208, 'Porrentruy'),
(2654, 208, 'Mulhouse (France) and Freiburg (Germany)'),
(2655, 219, 'Ankara'),
(2656, 219, 'Adana'),
(2657, 219, 'Afyonkarahisar'),
(2658, 219, 'Antalya'),
(2659, 219, 'Gaziantep'),
(2660, 219, 'Hatay'),
(2661, 219, 'Kastamonu'),
(2662, 219, 'Kayseri'),
(2663, 219, 'Konya'),
(2664, 219, 'Malatya'),
(2665, 219, 'Amasya'),
(2666, 219, 'Samsun'),
(2667, 219, 'Sivas'),
(2668, 219, 'Zonguldak'),
(2669, 219, 'Eski&#351;ehir'),
(2670, 219, 'Tokat'),
(2671, 219, 'Denizli'),
(2672, 219, 'Nev&#351;ehir'),
(2673, 219, 'Istanbul'),
(2674, 219, 'Manisa'),
(2675, 219, 'Ayd&#305;n'),
(2676, 219, 'Bursa'),
(2677, 219, 'Bal&#305;kesir'),
(2678, 219, 'Canakkale'),
(2679, 219, '&#304;zmir'),
(2680, 219, 'Isparta'),
(2681, 219, 'Kutahya'),
(2682, 219, 'Usak'),
(2683, 219, 'Yalova'),
(2684, 219, 'Kocaeli'),
(2685, 219, 'Mugla'),
(2686, 219, 'Tekirdag'),
(2687, 219, 'Bodrum'),
(2688, 219, 'Istanbu'),
(2689, 219, 'ElazÄ±g'),
(2690, 219, 'AgrÄ±'),
(2691, 219, 'Diyarbak&#305;r'),
(2692, 219, 'Erzincan'),
(2693, 219, 'Erzurum'),
(2694, 219, 'Kars'),
(2695, 219, 'Trabzon'),
(2696, 219, 'SanlÄ±urfa'),
(2697, 219, 'Van'),
(2698, 219, 'Batman'),
(2699, 219, 'Mus'),
(2700, 219, 'Siirt'),
(2701, 219, 'Sinop'),
(2702, 219, 'Kahramanmaras'),
(2703, 219, 'Ad&#305;yaman'),
(2704, 219, 'Mardin'),
(2705, 142, 'Balti'),
(2706, 142, 'Marculesti'),
(2707, 142, 'Cahul'),
(2708, 142, 'Chadyr Lunga'),
(2709, 142, 'Camenca'),
(2710, 142, 'Chisinau'),
(2711, 142, 'Soroca'),
(2712, 142, 'Tighina'),
(2713, 142, 'Tiraspol'),
(2714, 166, 'Rafah'),
(2715, 128, 'Ohrid'),
(2716, 128, 'Skopje'),
(2717, 85, 'Gibraltar'),
(2718, 191, 'Belgrade'),
(2719, 191, 'Batajnica / Belgrade'),
(2720, 191, 'Kraljevo'),
(2721, 191, 'Nis'),
(2722, 191, 'Novi Sad'),
(2723, 191, 'Trstenik'),
(2724, 191, 'Uzice'),
(2725, 191, 'Vrsac'),
(2726, 191, 'Zrenjanin'),
(2727, 191, 'Montenegro'),
(2728, 195, 'Bratislava'),
(2729, 195, 'Kosice'),
(2730, 195, 'Martin'),
(2731, 195, 'Malacky'),
(2732, 195, ' Zilina'),
(2733, 195, 'Nitra'),
(2734, 195, 'Nove Zamky'),
(2735, 195, 'PiesÅ¥any '),
(2736, 195, 'Senica'),
(2737, 195, 'Sliac'),
(2738, 195, 'Surany'),
(2739, 195, 'Trencin'),
(2740, 195, 'Trnava'),
(2741, 195, 'Poprad'),
(2742, 221, 'Ambergris Cay'),
(2743, 221, 'Grand Turk Island'),
(2744, 221, 'Middle Caicos'),
(2745, 221, 'North Caicos'),
(2746, 221, 'Pine Cay'),
(2747, 221, 'Providenciales'),
(2748, 221, 'South Caicos'),
(2749, 221, 'Salt Cay'),
(2750, 63, 'Samana'),
(2751, 63, 'Barahona'),
(2752, 63, 'Pedernales'),
(2753, 63, 'Constanza'),
(2754, 63, 'Santo Domingo'),
(2755, 63, 'La Romana'),
(2756, 63, 'Punta Cana / Higuey'),
(2757, 63, 'Puerto Plata'),
(2758, 63, 'Sabana de la Mar'),
(2759, 63, 'Punta Caucedo (near Santo Domingo)'),
(2760, 63, 'San Isidro'),
(2761, 63, 'San Juan de la Maguana'),
(2762, 63, 'Santiago'),
(2763, 91, 'Izabal'),
(2764, 91, 'Alta Verapaz'),
(2765, 91, 'El Peten'),
(2766, 91, 'Quetzaltenango'),
(2767, 91, 'Chiquimula'),
(2768, 91, 'Guatemala'),
(2769, 91, 'Huehuetenango'),
(2770, 91, 'San Marcos'),
(2771, 91, 'El Quiche'),
(2772, 91, 'Retalhuleu'),
(2773, 91, 'Escuintla'),
(2774, 91, 'Zacapa'),
(2775, 91, 'Amapala'),
(2776, 97, 'Catacamas'),
(2777, 97, 'Cenamer'),
(2778, 97, 'Comayagua'),
(2779, 97, 'Choluteca'),
(2780, 97, 'Puerto Castilla'),
(2781, 97, 'Mocoron'),
(2782, 97, 'Isla del Cisne'),
(2783, 97, 'Juticalpa'),
(2784, 97, 'La Ceiba'),
(2785, 97, 'La Esperanza'),
(2786, 97, 'La Mesa '),
(2787, 97, 'Marcala'),
(2788, 97, 'Guanaja'),
(2789, 97, 'Nuevo Ocotepeque'),
(2790, 97, 'Olanchito'),
(2791, 97, 'El Progreso'),
(2792, 97, 'Puerto Lempira'),
(2793, 97, 'Puerto Cortes'),
(2794, 97, 'Roatan'),
(2795, 97, 'Ruinas de Copan'),
(2796, 97, 'Santa Barbara '),
(2797, 97, 'Comayagua '),
(2798, 97, 'Santa Rosa de Copan'),
(2799, 97, 'Tegucigalpa'),
(2800, 97, 'Trujillo'),
(2801, 97, 'Tela (MHTE)'),
(2802, 97, 'Utila'),
(2803, 97, 'Yoro'),
(2804, 108, 'Ocho Rios'),
(2805, 108, 'Kingston'),
(2806, 108, 'Montego Bay'),
(2807, 108, 'Port Antonio'),
(2808, 108, 'Negril'),
(2809, 140, 'Guerrero'),
(2810, 140, 'Nuevo Leon'),
(2811, 140, 'Aguascalientes'),
(2812, 140, 'Oaxaca'),
(2813, 140, 'Morelos'),
(2814, 140, 'Coahuila'),
(2815, 140, 'Campeche'),
(2816, 140, 'Sinaloa'),
(2817, 140, 'Quintana Roo'),
(2818, 140, 'Sonora'),
(2819, 140, 'Chihuahua'),
(2820, 140, 'Yucatan'),
(2821, 140, 'Tamaulipas'),
(2822, 140, 'Guanajuato'),
(2823, 140, 'Durango'),
(2824, 140, 'Nayarit'),
(2825, 140, 'Baja California'),
(2826, 140, 'Jalisco'),
(2827, 140, 'Baja California Sur'),
(2828, 140, 'Colima'),
(2829, 140, 'Veracruz'),
(2830, 140, 'Michoacan'),
(2831, 140, 'Distrito Federal'),
(2832, 140, 'Puebla'),
(2833, 140, 'Queretaro'),
(2834, 140, 'Chiapas'),
(2835, 140, 'San Luis Potosi'),
(2836, 140, 'Estado de Mexico '),
(2837, 140, 'Tabasco'),
(2838, 140, 'Zacatecas'),
(2839, 156, 'RAAN (Zelaya)'),
(2840, 156, 'Boaco'),
(2841, 156, 'RAAS (Zelaya)'),
(2842, 156, 'Managua'),
(2843, 156, 'Chinandega'),
(2844, 156, 'Esteli'),
(2845, 156, 'Chontales'),
(2846, 156, 'Jinotega'),
(2847, 156, 'Rivas'),
(2848, 156, 'Rio San Juan'),
(2849, 167, 'Bocas del Toro'),
(2850, 167, 'Chitre'),
(2851, 167, 'Changuinola'),
(2852, 167, 'David'),
(2853, 167, 'Colon'),
(2854, 167, 'Fuerte Sherman'),
(2855, 167, 'Balboa'),
(2856, 167, 'Jaque'),
(2857, 167, 'Panama City'),
(2858, 167, 'Los Santos'),
(2859, 167, 'Puerto Obaldia'),
(2860, 167, 'Rio Hato'),
(2861, 167, 'El Porvenir'),
(2862, 167, 'Wannukandi'),
(2863, 54, 'La Fortuna'),
(2864, 54, 'Tortuguero'),
(2865, 54, 'Buenos Aires'),
(2866, 54, 'Barra del Colorado'),
(2867, 54, 'Canas'),
(2868, 54, 'Coto 47'),
(2869, 54, 'Chacarita'),
(2870, 54, 'Carrillo'),
(2871, 54, 'Cabo Velas'),
(2872, 54, 'Drake Bay'),
(2873, 54, 'Dieciocho'),
(2874, 54, 'El Carmen de Siquirres'),
(2875, 54, 'Nuevo Palmar Sur'),
(2876, 54, 'Flamingo'),
(2877, 54, 'Finca 63'),
(2878, 54, 'Golfito'),
(2879, 54, 'Guapiles'),
(2880, 54, 'Punta Islita'),
(2881, 54, 'Liberia'),
(2882, 54, 'Los Chiles'),
(2883, 54, 'Laurel'),
(2884, 54, 'La Flor'),
(2885, 54, 'Limon'),
(2886, 54, 'Las Piedras'),
(2887, 54, 'Las Trancas'),
(2888, 54, 'Nicoya Guanacaste'),
(2889, 54, 'Nosara'),
(2890, 54, 'San Jose'),
(2891, 54, 'Palo Arco'),
(2892, 54, 'Pandora'),
(2893, 54, 'Puerto Jimenez'),
(2894, 54, 'Palmar Sur'),
(2895, 54, 'Quepos'),
(2896, 54, 'Rio Frio O Progreso'),
(2897, 54, 'San Alberto'),
(2898, 54, 'Santa Clara de Guapiles'),
(2899, 54, 'Salama'),
(2900, 54, 'Santa Maria de Guacimo'),
(2901, 54, 'San Vito de Java'),
(2902, 54, 'Tamarindo'),
(2903, 54, 'Tambor'),
(2904, 54, 'Upala'),
(2905, 67, 'Barrillas'),
(2906, 67, 'La Cabana'),
(2907, 67, 'Ceiba Doblada'),
(2908, 67, 'La Chepona'),
(2909, 67, 'Corral De Mulas'),
(2910, 67, 'Cumichin'),
(2911, 67, 'La Carrera'),
(2912, 67, 'Las Cachas'),
(2913, 67, 'El Jocotillo'),
(2914, 67, 'Entre Rios'),
(2915, 67, 'Espiritu Santo'),
(2916, 67, 'El Tamarindo'),
(2917, 67, 'Los Comandos '),
(2918, 67, 'San Salvador'),
(2919, 67, 'El Papalon'),
(2920, 67, 'El Platanar'),
(2921, 67, 'El Ronco'),
(2922, 67, 'Santa Clara'),
(2923, 67, 'Punta San Juan'),
(2924, 67, 'San Miguel'),
(2925, 67, 'El Zapote'),
(2926, 95, 'Les Cayes'),
(2927, 95, 'Cap-Haitien '),
(2928, 95, 'Jacmel'),
(2929, 95, 'Jeremie'),
(2930, 95, 'Port-au-Prince'),
(2931, 95, 'Port-de-Paix'),
(2932, 57, 'Guantanamo'),
(2933, 57, 'Villa Clara'),
(2934, 57, 'Granma'),
(2935, 57, 'Ciego de Avila'),
(2936, 57, 'Cienfuegos'),
(2937, 57, 'Isla de la Juventud'),
(2938, 57, 'Camaguey'),
(2939, 57, 'Santiago de Cuba'),
(2940, 57, 'Holguin'),
(2941, 57, 'Havana (La Habana)'),
(2942, 57, 'Matanzas'),
(2943, 57, 'Pinar del Rio'),
(2944, 57, 'Nicaro'),
(2945, 57, 'Sancti Sparitus'),
(2946, 57, 'Las Tunas'),
(2947, 41, 'Cayman Brac'),
(2948, 41, 'Grand Cayman'),
(2949, 41, 'Little Cayman'),
(2950, 17, 'Andros'),
(2951, 17, 'Abaco'),
(2952, 17, 'Acklins'),
(2953, 17, 'Berry Islands'),
(2954, 17, 'Bimini'),
(2955, 17, 'Cat Island'),
(2956, 17, 'Crooked Island'),
(2957, 17, 'Cay Sal'),
(2958, 17, 'Exuma'),
(2959, 17, 'Eleuthera'),
(2960, 17, 'Grand Bahama'),
(2961, 17, 'Inagua'),
(2962, 17, 'Long Island'),
(2963, 17, 'Mayaguana'),
(2964, 17, 'New Providence'),
(2965, 17, 'Ragged Island'),
(2966, 17, 'Rum Cay'),
(2967, 17, 'San Salvador Island'),
(2968, 23, 'Belize City'),
(2969, 53, 'Aitutaki (Araura)'),
(2970, 53, 'Atiu (Enua Manu)'),
(2971, 53, 'Mangaia (Auau Enua)'),
(2972, 53, 'Manihiki (Humphrey Island)'),
(2973, 53, 'Mauke (Akatoka Manava)'),
(2974, 53, 'Manuae Island'),
(2975, 53, 'Mitiaro (Nukuroa)'),
(2976, 53, 'Penrhyn Island (Tongareva)'),
(2977, 53, 'Rarotonga'),
(2978, 74, 'Cicia'),
(2979, 74, 'Mamanuca Islands'),
(2980, 74, 'Viti Levu'),
(2981, 74, 'Malolo Lailai'),
(2982, 74, 'Rabi'),
(2983, 74, 'Kaibu Island'),
(2984, 74, 'Kadavu'),
(2985, 74, 'Mana Island'),
(2986, 74, 'Moala'),
(2987, 74, 'Bureta'),
(2988, 74, 'Ngau Island'),
(2989, 74, 'Laucala Island (Lauthala Island)'),
(2990, 74, 'Lakeba (Lakemba)'),
(2991, 74, 'Vanua Levu'),
(2992, 74, 'Taveuni'),
(2993, 74, 'Koro'),
(2994, 74, 'Rotuma'),
(2995, 74, 'Savu Savu'),
(2996, 74, 'Wakaya'),
(2997, 74, 'Ono-i-Lau'),
(2998, 74, 'Yasawa'),
(2999, 74, 'Vanua Balavu (Vanuabalavu)'),
(3000, 74, 'Vatulele'),
(3001, 216, 'Eua'),
(3002, 216, 'Tongatapu'),
(3003, 216, 'Ha\\''apai'),
(3004, 216, 'Niuafo\\''ou'),
(3005, 216, 'Niuatoputapu'),
(3006, 216, 'Vava\\''u'),
(3007, 113, 'Abaiang'),
(3008, 113, 'Beru Island'),
(3009, 113, 'Kuria'),
(3010, 113, 'Maiana'),
(3011, 113, 'Marakei'),
(3012, 113, 'Makin'),
(3013, 113, 'Nikunau'),
(3014, 113, 'Onotoa'),
(3015, 113, 'Tarawa'),
(3016, 113, 'Abemama'),
(3017, 113, 'Tabiteuea North'),
(3018, 113, 'Tamana'),
(3019, 113, 'Nonouti'),
(3020, 113, 'Arorae'),
(3021, 113, 'Tabiteuea South'),
(3022, 113, 'Butaritari'),
(3023, 113, 'Aranuka'),
(3024, 222, 'Funafuti'),
(3025, 159, 'Alofi'),
(3026, 236, 'Futuna Island'),
(3027, 236, 'Wallis Island'),
(3028, 186, 'Asau'),
(3029, 186, 'Apia'),
(3030, 186, 'Fagali\\''i'),
(3031, 186, 'Salelologa'),
(3032, 186, 'Ofu Island'),
(3033, 186, 'Fitiuta'),
(3034, 186, 'Pago Pago'),
(3035, 78, 'Tahiti'),
(3036, 78, 'Austral Islands'),
(3037, 78, 'Tuamotus'),
(3038, 78, 'Tikehau'),
(3039, 78, 'Fakarava'),
(3040, 78, 'Gambier Islands'),
(3041, 78, 'Kaukura Atoll'),
(3042, 78, 'Disappointment Islands'),
(3043, 78, 'Tatakoto'),
(3044, 78, 'Arutua'),
(3045, 78, 'Nukutavake'),
(3046, 78, 'Fakahina'),
(3047, 78, 'Niau'),
(3048, 78, 'Raroia'),
(3049, 78, 'Takaroa'),
(3050, 78, 'Marquesas Islands'),
(3051, 78, 'located on Moto Mute'),
(3052, 78, 'Society Islands'),
(3053, 78, 'Leeward Islands (Society Islands)'),
(3054, 78, 'Windward Islands (Society Islands)'),
(3055, 78, 'Hao Island'),
(3056, 78, 'Maupiti'),
(3057, 78, 'Vahitahi'),
(3058, 230, 'Mota Lava'),
(3059, 230, 'Sola'),
(3060, 230, 'Imao'),
(3061, 230, 'Craig Cove'),
(3062, 230, 'Longana'),
(3063, 230, 'Sara'),
(3064, 230, 'Lamap'),
(3065, 230, 'Lamen-Bay'),
(3066, 230, 'Maewo'),
(3067, 230, 'Lonorore'),
(3068, 230, 'Norsup'),
(3069, 230, 'Gaua'),
(3070, 230, 'Redcliff'),
(3071, 230, 'Tongoa'),
(3072, 230, 'Ulei'),
(3073, 230, 'Valesdir'),
(3074, 230, 'Walaha'),
(3075, 230, 'South West Bay'),
(3076, 230, 'Anatom'),
(3077, 230, 'Aniwa'),
(3078, 230, 'Dillon\\''s Bay'),
(3079, 230, 'Futuna'),
(3080, 230, 'Ipota'),
(3081, 230, 'Quoin Hill'),
(3082, 230, 'Port Vila'),
(3083, 230, 'Tanna'),
(3084, 154, 'Tiga Island'),
(3085, 154, 'Belep'),
(3086, 154, 'Kone'),
(3087, 154, ' L\\\\\\''Ile des Pins'),
(3088, 154, 'Houailou'),
(3089, 154, 'Koumac'),
(3090, 154, 'Lifou'),
(3091, 154, 'Noumea'),
(3092, 154, 'Ile Ouen'),
(3093, 154, 'Poum'),
(3094, 154, 'Mueo'),
(3095, 154, 'Mara'),
(3096, 154, 'La Foa'),
(3097, 154, 'Touho'),
(3098, 154, 'Ouvea'),
(3099, 154, 'Canala'),
(3100, 155, 'Auckland'),
(3101, 155, 'Wellington'),
(3102, 155, 'Taupo'),
(3103, 155, 'Ashburton'),
(3104, 155, 'Waiouru'),
(3105, 155, 'Balclutha'),
(3106, 155, 'Christchurch'),
(3107, 155, 'Chatham Islands'),
(3108, 155, 'Cromwell'),
(3109, 155, 'North Island'),
(3110, 155, 'Dargaville'),
(3111, 155, 'Dunedin'),
(3112, 155, 'Dannevirke'),
(3113, 155, 'Rangiora'),
(3114, 155, 'Feilding'),
(3115, 155, 'Franz Josef Village'),
(3116, 155, 'Foxton'),
(3117, 155, 'Galatea'),
(3118, 155, 'Great Barrier Island'),
(3119, 155, 'Greymouth'),
(3120, 155, 'Great Mercury Island'),
(3121, 155, 'Gisborne'),
(3122, 155, 'Lake Pukaki'),
(3123, 155, 'Glenorchy'),
(3124, 155, 'Hawera'),
(3125, 155, 'Hokitika'),
(3126, 155, 'Hamilton'),
(3127, 155, 'Hanmer Springs'),
(3128, 155, 'Hastings'),
(3129, 155, 'Haast'),
(3130, 155, 'Antarctica'),
(3131, 155, 'Tauranga'),
(3132, 155, 'Kerikeri'),
(3133, 155, 'Kaitaia'),
(3134, 155, 'Palmerston North'),
(3135, 155, 'Rotorua'),
(3136, 155, 'New Plymouth'),
(3137, 155, 'Whangarei'),
(3138, 155, 'Invercargill'),
(3139, 155, 'Taumarunui'),
(3140, 155, 'Wanganui'),
(3141, 155, 'Wairoa'),
(3142, 155, 'Waiheke Island'),
(3143, 155, 'Kaipara District'),
(3144, 155, 'Kaikoura'),
(3145, 155, 'Kerikeri / Bay of Islands'),
(3146, 155, 'Karamea'),
(3147, 155, 'Kaikohe'),
(3148, 155, 'Lake Taupo'),
(3149, 155, 'Alexandra'),
(3150, 155, 'Matamata'),
(3151, 155, 'Aoraki/Mount Cook'),
(3152, 155, 'Mercer'),
(3153, 155, 'Milford Sound'),
(3154, 155, 'Masterton'),
(3155, 155, 'Motueka'),
(3156, 155, 'Te Anau / Manapouri'),
(3157, 155, 'Murchison'),
(3158, 155, 'Martinborough'),
(3159, 155, 'Makarora'),
(3160, 155, 'Nelson'),
(3161, 155, 'Napier'),
(3162, 155, 'Omarama'),
(3163, 155, 'Ohakea'),
(3164, 155, 'Blenheim'),
(3165, 155, 'Opotiki'),
(3166, 155, 'Oamaru'),
(3167, 155, 'Paihia'),
(3168, 155, 'Parakai'),
(3169, 155, 'Picton - Koromiko'),
(3170, 155, 'Paraparaumu'),
(3171, 155, 'Raglan'),
(3172, 155, 'Stewart Island'),
(3173, 155, 'Rangitaiki'),
(3174, 155, 'Ruawai'),
(3175, 155, 'Roxburgh'),
(3176, 155, 'Stratford'),
(3177, 155, 'Thames'),
(3178, 155, 'Takaka'),
(3179, 155, 'Tekapo'),
(3180, 155, 'Turangi'),
(3181, 155, 'Tokoroa'),
(3182, 155, 'Te Kuiti'),
(3183, 155, 'Timaru'),
(3184, 155, 'Te Anau'),
(3185, 155, 'Twizel'),
(3186, 155, 'Pauanui'),
(3187, 155, 'Taihape'),
(3188, 155, 'Blenheim '),
(3189, 155, 'Wanaka'),
(3190, 155, 'Whakatane'),
(3191, 155, 'Waimate'),
(3192, 155, 'West Melton'),
(3193, 155, 'Westport'),
(3194, 155, 'Whitianga'),
(3195, 155, 'Waihi Beach'),
(3196, 155, 'Waipukurau'),
(3197, 1, 'Bamyan'),
(3198, 1, 'Bost'),
(3199, 1, 'Chaghcharan'),
(3200, 1, 'Darwaz'),
(3201, 1, 'Farah'),
(3202, 1, 'Faizabad'),
(3203, 1, 'Khwahan'),
(3204, 1, 'Herat'),
(3205, 1, 'Bagram near Charikar'),
(3206, 1, 'Jalalabad'),
(3207, 1, 'Kabul'),
(3208, 1, 'Kandahar'),
(3209, 1, 'Khost'),
(3210, 1, 'Maymana'),
(3211, 1, 'Mazari Sharif'),
(3212, 1, 'Qala i Naw'),
(3213, 1, 'Sheghnan'),
(3214, 1, 'Tereen'),
(3215, 1, 'Taloqan'),
(3216, 1, 'Kunduz'),
(3217, 1, 'Helmand near Lashkar Gah'),
(3218, 1, 'Zaranj'),
(3219, 18, 'Manama'),
(3220, 18, 'Bahrain'),
(3221, 189, 'Jubail'),
(3222, 189, 'Abha'),
(3223, 189, 'Al-Ahsa'),
(3224, 189, 'al-Baha'),
(3225, 189, 'Bisha'),
(3226, 189, 'Abqaiq'),
(3227, 189, 'Dammam'),
(3228, 189, 'Dhahran'),
(3229, 189, 'Dawadmi'),
(3230, 189, 'Gizan'),
(3231, 189, 'Gassim '),
(3232, 189, 'Gurayat '),
(3233, 189, 'Ha\\''il'),
(3234, 189, 'Haradh'),
(3235, 189, 'Jeddah'),
(3236, 189, 'KKMC'),
(3237, 189, 'Medina'),
(3238, 189, 'Najran '),
(3239, 189, 'Qaisumah '),
(3240, 189, 'Rafha'),
(3241, 189, 'Riyadh'),
(3242, 189, 'Ras Al-Mishab'),
(3243, 189, 'Arar '),
(3244, 189, 'Ras Tanura'),
(3245, 189, 'Shaybah'),
(3246, 189, 'Sharurah '),
(3247, 189, 'al-Jouf '),
(3248, 189, 'Tabuk'),
(3249, 189, 'Taeif'),
(3250, 189, 'Ath Thumamah'),
(3251, 189, 'Tanajib'),
(3252, 189, 'Turaif'),
(3253, 189, 'Udhayliyah'),
(3254, 189, 'Wadi al-Dawasir'),
(3255, 189, 'Wedjh '),
(3256, 189, 'Yanbu '),
(3257, 103, 'Abadan'),
(3258, 103, 'Dezful'),
(3259, 103, 'Omidiyeh'),
(3260, 103, 'Mahshahr'),
(3261, 103, 'Ahwaz'),
(3262, 103, 'Bushehr'),
(3263, 103, 'Asalouyeh'),
(3264, 103, 'Kish Island'),
(3265, 103, 'Bandar Lengeh'),
(3266, 103, 'Khalije Fars'),
(3267, 103, 'Khark Island'),
(3268, 103, 'Sirri Island'),
(3269, 103, 'Lavan Island'),
(3270, 103, 'Kermanshah'),
(3271, 103, 'Ilam'),
(3272, 103, 'Khorramabad'),
(3273, 103, 'Sanandaj'),
(3274, 103, 'Isfahan (Esfahan)'),
(3275, 103, 'Shahrekord'),
(3276, 103, 'Rasht'),
(3277, 103, 'Hamadan'),
(3278, 103, 'Tehran'),
(3279, 103, 'Bandar Abbas'),
(3280, 103, 'Jiroft'),
(3281, 103, 'Kerman'),
(3282, 103, 'Bam'),
(3283, 103, 'Qeshm'),
(3284, 103, 'Rafsanjan'),
(3285, 103, 'Sirjan'),
(3286, 103, 'Birjand'),
(3287, 103, 'Sarakhs'),
(3288, 103, 'Mashhad'),
(3289, 103, 'Bojnourd'),
(3290, 103, 'Sabzevar'),
(3291, 103, 'Tabas'),
(3292, 103, 'Gorgan'),
(3293, 103, 'Noshahr'),
(3294, 103, 'Ramsar'),
(3295, 103, 'Sari'),
(3296, 103, 'Abadeh'),
(3297, 103, 'Lar'),
(3298, 103, 'Lamerd'),
(3299, 103, 'Shiraz'),
(3300, 103, 'Yasuj'),
(3301, 103, 'Khoy'),
(3302, 103, 'Ardabil'),
(3303, 103, 'Parsabad'),
(3304, 103, 'Urmia'),
(3305, 103, 'Tabriz'),
(3306, 103, 'Yazd'),
(3307, 103, 'Zabol'),
(3308, 103, 'Chah Bahar'),
(3309, 103, 'Zahedan'),
(3310, 110, 'Amman'),
(3311, 110, 'Aqaba'),
(3312, 116, 'Kuwait'),
(3313, 116, 'Al-Maqwa, near Kuwait City'),
(3314, 120, 'Beirut'),
(3315, 120, 'Kleyate'),
(3316, 120, 'Rayak'),
(3317, 225, 'Al Ain'),
(3318, 225, 'Muqatra'),
(3319, 225, 'Dubai'),
(3320, 225, 'Fujairah'),
(3321, 225, 'Ras al-Khaimah'),
(3322, 225, 'Sharjah'),
(3323, 163, 'Khasab'),
(3324, 163, 'Masirah'),
(3325, 163, 'Muscat'),
(3326, 163, 'Marmul'),
(3327, 163, 'Salalah'),
(3328, 163, 'Thumrait'),
(3329, 164, 'Abbottabad'),
(3330, 164, 'Bannu'),
(3331, 164, 'Bahawalpur'),
(3332, 164, 'Chitral'),
(3333, 164, 'Chilas'),
(3334, 164, 'Dalbandin'),
(3335, 164, 'Dera Ghazi Khan'),
(3336, 164, 'Dera Ismail Khan'),
(3337, 164, 'Faisalabad'),
(3338, 164, 'Gwadar'),
(3339, 164, 'Gilgit'),
(3340, 164, 'Jacobabad'),
(3341, 164, 'Jiwani'),
(3342, 164, 'Karachi'),
(3343, 164, 'Hyderabad'),
(3344, 164, 'Khuzdar'),
(3345, 164, 'Kohat'),
(3346, 164, 'Lahore'),
(3347, 164, 'Mangla'),
(3348, 164, 'Muzaffarabad'),
(3349, 164, 'Mianwali'),
(3350, 164, 'Mohenjo-daro'),
(3351, 164, 'Sindhri Tharparkar'),
(3352, 164, 'Kamra'),
(3353, 164, 'Multan'),
(3354, 164, 'Nawabshah'),
(3355, 164, 'Ormara'),
(3356, 164, 'Parachinar'),
(3357, 164, 'Panjgur'),
(3358, 164, 'Pasni City'),
(3359, 164, 'Peshawar'),
(3360, 164, 'Rawalpindi'),
(3361, 164, 'Quetta'),
(3362, 164, 'Rahim Yar Khan'),
(3363, 164, 'Islamabad'),
(3364, 164, 'Shorkot'),
(3365, 164, 'Rawalakot'),
(3366, 164, 'Sawan Gas Field'),
(3367, 164, 'Sibi'),
(3368, 164, 'Skardu'),
(3369, 164, 'Sukkur'),
(3370, 164, 'Sehwan Sharif'),
(3371, 164, 'Sargodha'),
(3372, 164, 'Saidu Sharif'),
(3373, 164, 'Sialkot'),
(3374, 164, 'Sui'),
(3375, 164, 'Sahiwal'),
(3376, 164, 'Tarbela Dam'),
(3377, 164, 'Turbat'),
(3378, 164, 'Zhob'),
(3379, 104, 'Al Anbarv'),
(3380, 104, 'Al Iskandariyah Airport'),
(3381, 104, 'An Numaniyah Airport'),
(3382, 104, 'Al Bakr'),
(3383, 104, 'Baghdad'),
(3384, 104, 'Bashur'),
(3385, 104, 'Erbil '),
(3386, 104, 'Jalibah'),
(3387, 104, 'Basrah'),
(3388, 104, 'Qasr Tall Mihl'),
(3389, 104, 'Qayyarah'),
(3390, 104, 'Tikrit'),
(3391, 104, 'Iraqi Kurdistan'),
(3392, 104, 'Tall Afar'),
(3393, 104, 'Al Taji'),
(3394, 104, 'Nasiriyah'),
(3395, 104, 'Al Kut'),
(3396, 104, 'Umm Qasr'),
(3397, 209, 'Aleppo'),
(3398, 209, 'Damascus'),
(3399, 209, 'Deir ez-Zor'),
(3400, 209, 'Kamishly'),
(3401, 209, 'Latakia'),
(3402, 209, 'Palmyra'),
(3403, 238, 'Aden'),
(3404, 238, 'Abbs'),
(3405, 238, 'Ataq'),
(3406, 238, 'Beihan'),
(3407, 238, 'Al-Bough'),
(3408, 238, 'Al-Ghaidah'),
(3409, 238, 'Hodeidah'),
(3410, 238, 'Marib'),
(3411, 238, 'Mukeiras'),
(3412, 238, 'Qishn'),
(3413, 238, 'Mukalla'),
(3414, 238, 'Saadah'),
(3415, 238, 'Sana\\''a'),
(3416, 238, 'Socotra'),
(3417, 238, 'Sayun'),
(3418, 238, 'Taiz'),
(3419, 227, 'Alaska'),
(3420, 227, 'Alaska / Fort Wainwright'),
(3421, 227, 'Fort Richardson'),
(3422, 113, 'Canton Island'),
(3423, 227, 'Agana'),
(3424, 227, 'Rota Island'),
(3425, 227, 'Saipan Island'),
(3426, 227, 'Tinian Island'),
(3427, 227, 'Hawaii'),
(3428, 135, 'Enewetak'),
(3429, 135, 'Majuro'),
(3430, 135, 'Roi-Namur'),
(3431, 135, 'Kwajalein'),
(3432, 113, 'Kiritimati (Christmas Island)'),
(3433, 113, 'Palmyra Atoll'),
(3434, 227, 'Sand Island'),
(3435, 141, 'Chuuk'),
(3436, 141, 'Pohnpei'),
(3437, 141, 'Kosrae'),
(3438, 141, 'Yap'),
(3439, 165, 'Palau'),
(3440, 227, 'Wake Island'),
(3441, 45, 'Kinmen'),
(3442, 45, 'Penghu'),
(3443, 45, 'Lianchiang'),
(3444, 45, 'Taitung'),
(3445, 45, 'Kaohsiung City'),
(3446, 45, 'Chiayi'),
(3447, 45, 'Pingtung'),
(3448, 45, 'Taichung'),
(3449, 45, 'Tainan City'),
(3450, 45, 'Hsinchu'),
(3451, 45, 'Taipei City'),
(3452, 45, 'Taoyuan'),
(3453, 45, 'Hualien'),
(3454, 109, 'Chiba'),
(3455, 109, 'Nagano'),
(3456, 109, 'Ibaraki'),
(3457, 109, 'Tokyo'),
(3458, 109, 'Osaka'),
(3459, 109, 'Wakayama'),
(3460, 109, 'Hyogo'),
(3461, 109, 'Hiroshima'),
(3462, 109, 'Okayama'),
(3463, 109, 'Kyoto'),
(3464, 109, 'Hokkaid&#333;'),
(3465, 109, 'Kumamoto'),
(3466, 109, 'Nagasaki'),
(3467, 109, 'Yamaguchi'),
(3468, 109, 'Saga'),
(3469, 109, 'Fukuoka'),
(3470, 109, 'Kagoshima'),
(3471, 109, 'Miyazaki'),
(3472, 109, 'Oita'),
(3473, 109, 'Aichi'),
(3474, 109, 'Fukui'),
(3475, 109, 'Gifu'),
(3476, 109, 'Shizuoka'),
(3477, 109, 'Ishikawa'),
(3478, 109, 'Shimane'),
(3479, 109, 'Toyama'),
(3480, 109, 'Mie'),
(3481, 109, 'Tottori'),
(3482, 109, 'Kochi'),
(3483, 109, 'Ehime'),
(3484, 109, 'Tokushima'),
(3485, 109, 'Kagawa'),
(3486, 109, 'Aomori'),
(3487, 109, 'Yamagata'),
(3488, 109, 'Niigata'),
(3489, 109, 'Fukushima'),
(3490, 109, 'Iwate'),
(3491, 109, 'Akita'),
(3492, 109, 'Miyagi'),
(3493, 109, 'Saitama'),
(3494, 109, 'Gunma'),
(3495, 109, 'Tochigi'),
(3496, 109, 'Okinawa'),
(3497, 115, 'Dokdo'),
(3498, 115, 'Muan'),
(3499, 115, 'Gwangju'),
(3500, 115, 'Gunsan'),
(3501, 115, 'Yeongam County (near Mokpo)'),
(3502, 115, 'Kunsan'),
(3503, 115, 'Yeosu'),
(3504, 115, 'Sokcho'),
(3505, 115, 'Kangnung'),
(3506, 115, 'Wonju'),
(3507, 115, 'Yangyang County'),
(3508, 115, 'Jeju'),
(3509, 115, 'Pusan'),
(3510, 115, 'Sacheon'),
(3511, 115, 'Ulsan'),
(3512, 115, 'Pyeongtaek'),
(3513, 115, 'Incheon (near Seoul)'),
(3514, 115, 'Seongnam'),
(3515, 115, 'Osan'),
(3516, 115, 'Seoul'),
(3517, 115, 'Seongmu'),
(3518, 115, 'Pohang'),
(3519, 115, 'Daegu'),
(3520, 115, 'Cheongju'),
(3521, 171, 'Palawan'),
(3522, 171, 'Oriental Mindoro'),
(3523, 171, 'Bataan'),
(3524, 171, 'Angeles City'),
(3525, 171, 'Ilocos Norte'),
(3526, 171, 'Quezon'),
(3527, 171, 'Metro Manila'),
(3528, 171, 'Isabela'),
(3529, 171, 'Albay'),
(3530, 171, 'Tarlac'),
(3531, 171, 'Pangasinan'),
(3532, 171, 'Cavite'),
(3533, 171, 'Batanes'),
(3534, 171, 'Occidental Mindoro'),
(3535, 171, 'Nueva Ecija'),
(3536, 171, 'Sorsogon'),
(3537, 171, 'South Cotabato'),
(3538, 171, 'Maguindanao '),
(3539, 171, 'Davao City'),
(3540, 171, 'Butuan City'),
(3541, 171, 'Surigao del Sur'),
(3542, 171, 'Zamboanga del Norte'),
(3543, 171, 'Camiguin'),
(3544, 171, 'Lanao del Norte'),
(3545, 171, 'Sulu'),
(3546, 171, 'Sultan Kudarat'),
(3547, 171, 'Misamis Oriental'),
(3548, 171, 'Lanao del Sur'),
(3549, 171, 'Tawi-Tawi'),
(3550, 171, 'Misamis Occidental'),
(3551, 171, 'Zamboanga del Sur'),
(3552, 171, 'Davao Oriental'),
(3553, 171, 'Surigao del Norte'),
(3554, 171, 'Bukidnon'),
(3555, 171, 'Zamboanga Sibugay'),
(3556, 171, 'Mindanao'),
(3557, 171, 'Cebu'),
(3558, 171, 'Iloilo'),
(3559, 171, 'Southern Leyte'),
(3560, 171, 'Bohol'),
(3561, 171, 'Antique'),
(3562, 171, 'Cagayan'),
(3563, 171, 'Baguio City'),
(3564, 171, 'Camarines Norte'),
(3565, 171, 'Lucena City'),
(3566, 171, 'Pampanga'),
(3567, 171, 'Zambales'),
(3568, 171, 'Batangas'),
(3569, 171, 'Camarines Sur'),
(3570, 171, 'Ilocos Sur'),
(3571, 171, 'Aurora'),
(3572, 171, 'La Union'),
(3573, 171, 'Catanduanes'),
(3574, 171, 'Marinduque'),
(3575, 171, 'Bulacan'),
(3576, 171, 'Nueva Vizcaya'),
(3577, 171, 'Tacloban City'),
(3578, 171, 'Negros Occidental'),
(3579, 171, 'Samar'),
(3580, 171, 'Negros Oriental'),
(3581, 171, 'Aklan'),
(3582, 171, 'Northern Samar'),
(3583, 171, 'Eastern Samar'),
(3584, 171, 'Leyte'),
(3585, 171, 'Masbate'),
(3586, 171, 'Lapu-Lapu City'),
(3587, 171, 'Ormoc City'),
(3588, 171, 'Puerto Princesa City'),
(3589, 171, 'Biliran'),
(3590, 171, 'Capiz'),
(3591, 171, 'Romblon'),
(3592, 171, 'Siquijor'),
(3593, 171, 'Agusan del Norte'),
(3594, 171, 'Manila'),
(3595, 171, 'Ubay Airport (now RPSN)'),
(3596, 171, 'Rajah Buayan Air Base (now RPMB)'),
(3597, 171, 'Maguindanao'),
(3598, 171, 'Tacurong'),
(3599, 171, 'Malabang'),
(3600, 171, 'Surigao City'),
(3601, 171, 'Malaybalay'),
(3602, 171, 'Itbayat'),
(3603, 171, 'Jomalig'),
(3604, 171, 'Nueva Ecija'),
(3605, 171, 'Luzon Island'),
(3606, 171, 'Alabat'),
(3607, 11, 'Entre Rios Province'),
(3608, 11, 'Buenos Aires Province'),
(3609, 11, 'Santa Fe Province'),
(3610, 11, 'Cordoba Province'),
(3611, 11, 'La Rioja Province'),
(3612, 11, 'El Palomar'),
(3613, 11, 'Neuquen Province'),
(3614, 11, 'Mendoza Province'),
(3615, 11, 'Catamarca Province'),
(3616, 11, 'Santiago del Estero Province'),
(3617, 11, 'Tucuman Province'),
(3618, 11, 'San Juan Province'),
(3619, 11, 'San Luis Province'),
(3620, 11, 'Corrientes Province'),
(3621, 11, 'Chaco Province'),
(3622, 11, 'Formosa Province'),
(3623, 11, 'Misiones Province'),
(3624, 11, 'Salta Province'),
(3625, 11, 'Jujuy Province'),
(3626, 11, 'Rio Negro Province'),
(3627, 11, 'Chubut Province'),
(3628, 11, 'Santa Cruz Province'),
(3629, 11, 'Tierra del Fuego Province'),
(3630, 11, 'La Pampa Province'),
(3631, 31, 'Para'),
(3632, 31, 'Goias'),
(3633, 31, 'Sao Paulo'),
(3634, 31, 'Sergipe'),
(3635, 31, 'Mato Grosso'),
(3636, 31, 'Rio Grande do Sul'),
(3637, 31, 'Minas Gerais'),
(3638, 31, 'Parana'),
(3639, 31, 'Brazilian Federal District'),
(3640, 31, 'Roraima'),
(3641, 31, 'Rio de Janeiro'),
(3642, 31, 'Brazil'),
(3643, 31, 'Mato Grosso do Sul'),
(3644, 31, 'Santa Catarina'),
(3645, 31, 'Maranhao'),
(3646, 31, 'Bahia'),
(3647, 31, 'Acre'),
(3648, 31, 'Amazonas'),
(3649, 31, 'Pernambuco'),
(3650, 31, 'Ceara'),
(3651, 31, 'Rondonia'),
(3652, 31, 'Paraiba'),
(3653, 31, 'Alagoas'),
(3654, 31, 'Amapa'),
(3655, 31, 'Rio Grande do Norte'),
(3656, 31, 'Parnaiba'),
(3657, 31, 'Tocantins'),
(3658, 31, 'Piaui'),
(3659, 31, 'Espirito Santo'),
(3660, 44, 'Ancud'),
(3661, 44, 'Los Angeles'),
(3662, 44, 'Alto Palena'),
(3663, 44, 'Arica'),
(3664, 44, 'Balmaceda'),
(3665, 44, 'Tocopilla'),
(3666, 44, 'Chile Chico'),
(3667, 44, 'Calama'),
(3668, 44, 'Chillin'),
(3669, 44, 'Punta Arenas'),
(3670, 44, 'Coyhaique'),
(3671, 44, 'Iquique'),
(3672, 44, 'Valparaiso'),
(3673, 44, 'El Salvador'),
(3674, 44, 'Antofagasta'),
(3675, 44, 'Porvenir'),
(3676, 44, 'Puerto Williams'),
(3677, 44, 'Copiapo'),
(3678, 44, 'Cochrane'),
(3679, 44, 'Curica'),
(3680, 44, 'Concepcion'),
(3681, 44, 'Easter Island (Isla de Pascua)'),
(3682, 44, 'Juan Fernandez Islands'),
(3683, 44, 'Osorno'),
(3684, 44, 'Chuquicamata'),
(3685, 44, 'Vallenar'),
(3686, 44, 'Puerto Natales'),
(3687, 44, 'Ovalle Tuqui'),
(3688, 44, 'Pucon'),
(3689, 44, 'Chanaral'),
(3690, 44, 'Rancagua'),
(3691, 44, 'Antartica Chilena'),
(3692, 44, 'Cerro Sombrero'),
(3693, 44, 'La Serena'),
(3694, 44, 'Castro'),
(3695, 44, 'Temuco'),
(3696, 44, 'Puerto Montt'),
(3697, 44, 'Talca'),
(3698, 44, 'Chaiten'),
(3699, 44, 'Victoria'),
(3700, 44, 'Taltal'),
(3701, 44, 'Valdivia'),
(3702, 44, 'Vina del Mar'),
(3703, 65, 'Ambato'),
(3704, 65, 'Bahia de Caraquez'),
(3705, 65, 'Santa Cecilia'),
(3706, 65, 'Coca'),
(3707, 65, 'Cuenca'),
(3708, 65, 'Esmeraldas'),
(3709, 65, 'Galapagos (Baltra)'),
(3710, 65, 'Guayaquil'),
(3711, 65, 'Jipijapa'),
(3712, 65, 'Latacunga'),
(3713, 65, 'Lago Agrio'),
(3714, 65, 'Loja'),
(3715, 65, 'Macara'),
(3716, 65, 'Macas'),
(3717, 65, 'Machala'),
(3718, 65, 'Manta'),
(3719, 65, 'Pastaza'),
(3720, 65, 'Putumayo'),
(3721, 65, 'Portoviejo'),
(3722, 65, 'Quito'),
(3723, 65, 'Salinas'),
(3724, 65, 'Sucua'),
(3725, 65, 'Galapagos Islands'),
(3726, 65, 'Taisha'),
(3727, 65, 'Tiputini'),
(3728, 65, 'Tarapoa'),
(3729, 65, 'Tulcan'),
(3730, 169, 'Asuncion'),
(3731, 169, 'Ayolas'),
(3732, 169, 'Encarnacion'),
(3733, 169, 'Ciudad Del Este'),
(3734, 169, 'Filadelfia'),
(3735, 169, 'Mariscal Estigarribia'),
(3736, 169, 'Pilar'),
(3737, 169, 'Pedro Juan Caballero'),
(3738, 48, 'Araracuara'),
(3739, 48, 'Acandi'),
(3740, 48, 'Aguachica'),
(3741, 48, 'Amalfi'),
(3742, 48, 'Andes'),
(3743, 48, 'Apiay'),
(3744, 48, 'Armenia'),
(3745, 48, 'Puerto Asis'),
(3746, 48, 'El Banco'),
(3747, 48, 'Lebrija (near Bucaramanga)'),
(3748, 48, 'Bogota'),
(3749, 48, 'Barranquilla'),
(3750, 48, 'Bahia Solano'),
(3751, 48, 'Buenaventura'),
(3752, 48, 'Capurgana'),
(3753, 48, 'Cucuta'),
(3754, 48, 'Condoto'),
(3755, 48, 'Cartagena'),
(3756, 48, 'Carimagua'),
(3757, 48, 'Cali'),
(3758, 48, 'Cimitarra'),
(3759, 48, 'Tumaco'),
(3760, 48, 'Caucasia'),
(3761, 48, 'Covenas'),
(3762, 48, 'Corozal'),
(3763, 48, 'El Bagre'),
(3764, 48, 'Barrancabermeja'),
(3765, 48, 'Florencia'),
(3766, 48, 'Girardot'),
(3767, 48, 'Cartago'),
(3768, 48, 'Guapi'),
(3769, 48, 'Chaparral'),
(3770, 48, 'Hato Corozal'),
(3771, 48, 'Ibague'),
(3772, 48, 'Chigorodo'),
(3773, 48, 'Ipiales'),
(3774, 48, 'Tibu'),
(3775, 48, 'Apartado'),
(3776, 48, 'Puerto Leguizamo'),
(3777, 48, 'Maicao'),
(3778, 48, 'La Pedrera'),
(3779, 48, 'Leticia'),
(3780, 48, 'Medellin'),
(3781, 48, 'Miraflores'),
(3782, 48, 'Magangue'),
(3783, 48, 'Monteria'),
(3784, 48, 'Mitu'),
(3785, 48, 'Manizales'),
(3786, 48, 'Necocli'),
(3787, 48, 'Nuqui'),
(3788, 48, 'Neiva'),
(3789, 48, 'Ocana'),
(3790, 48, 'Orocue'),
(3791, 48, 'Otu'),
(3792, 48, 'Guajira Department'),
(3793, 48, 'Puerto Carreno'),
(3794, 48, 'Puerto Inirida'),
(3795, 48, 'Pereira'),
(3796, 48, 'Pitalito'),
(3797, 48, 'Plato'),
(3798, 48, 'Popayan'),
(3799, 48, 'Palanquero'),
(3800, 48, 'Pasto'),
(3801, 48, 'Providencia Island'),
(3802, 48, 'Paz de Ariporo'),
(3803, 48, 'Mariquita'),
(3804, 48, 'Medellin/Rionegro'),
(3805, 48, 'Riohacha'),
(3806, 48, 'Saravena'),
(3807, 48, 'San Jose del Guaviare'),
(3808, 48, 'Santa Marta'),
(3809, 48, 'San Andres Island'),
(3810, 48, 'San Vicente del Caguan'),
(3811, 48, 'Trinidad'),
(3812, 48, 'Tunja'),
(3813, 48, 'Tame'),
(3814, 48, 'Tres Esquinas'),
(3815, 48, 'Turbo'),
(3816, 48, 'Marandua'),
(3817, 48, 'Arauca'),
(3818, 48, 'Quibdo'),
(3819, 48, 'Tulua'),
(3820, 48, 'Urrao'),
(3821, 48, 'Villa Garzon'),
(3822, 48, 'Valledupar'),
(3823, 48, 'Villavicencio'),
(3824, 48, 'Yaguara'),
(3825, 48, 'Yopal'),
(3826, 27, 'Apolo'),
(3827, 27, 'Ascencion de Guarayos'),
(3828, 27, 'Bermejo'),
(3829, 27, 'Bella Union'),
(3830, 27, 'Camiri'),
(3831, 27, 'Cochabamba'),
(3832, 27, 'Cobija'),
(3833, 27, 'Santa Cruz'),
(3834, 27, 'Guayaramerin'),
(3835, 27, 'San Jose de Chiquitos'),
(3836, 27, 'San Joaquin'),
(3837, 27, 'San Javier'),
(3838, 27, 'La Paz'),
(3839, 27, 'Magdalena'),
(3840, 27, 'Oruro'),
(3841, 27, 'Potosi'),
(3842, 27, 'Puerto Rico'),
(3843, 27, 'Puerto Suarez'),
(3844, 27, 'San Ramon'),
(3845, 27, 'Robore'),
(3846, 27, 'Riberalta'),
(3847, 27, 'Rurrenabaque'),
(3848, 27, 'Reyes'),
(3849, 27, 'Santa Ana del Yacuma'),
(3850, 27, 'San Borja'),
(3851, 27, 'San Ignacio de Velas'),
(3852, 27, 'San Ignacio de Moxos'),
(3853, 27, 'Sucre'),
(3854, 27, 'Tarija'),
(3855, 27, 'Villamontes'),
(3856, 27, 'Yacuiba'),
(3857, 204, 'Albina'),
(3858, 204, 'Coeroeni'),
(3859, 204, 'Coronie District'),
(3860, 204, 'Drietabbetje'),
(3861, 204, 'Zanderij'),
(3862, 204, 'Kabalebo'),
(3863, 204, 'Nieuw-Nickerie (New Nickerie)'),
(3864, 204, 'Paloemeu'),
(3865, 204, 'Stoelmans Eiland'),
(3866, 204, 'Tafelberg'),
(3867, 204, 'Wageningen'),
(3868, 204, 'Paramaribo'),
(3869, 77, 'Cayenne'),
(3870, 77, 'Grand-Santi'),
(3871, 77, 'Maripasoula'),
(3872, 77, 'Saint-Georges-de-l\\''Oyapock'),
(3873, 77, 'Saint-Laurent-du-Maroni'),
(3874, 77, 'Regina'),
(3875, 77, 'Saul'),
(3876, 77, 'Sinnamary'),
(3877, 170, 'San Juan Aposento'),
(3878, 170, 'Ucayali Region'),
(3879, 170, 'Loreto Region'),
(3880, 170, 'San Martin Region'),
(3881, 170, 'Iberia'),
(3882, 170, 'Corrientes'),
(3883, 170, 'Ancash Region'),
(3884, 170, 'Moquegua Region'),
(3885, 170, 'Huanuco Region'),
(3886, 170, 'Lambayeque Region'),
(3887, 170, 'Ayacucho Region'),
(3888, 170, 'Junin Region'),
(3889, 170, 'Apurimac Region'),
(3890, 170, 'Cusco Region'),
(3891, 170, 'Lima Metropolitan Area'),
(3892, 170, 'Satipo'),
(3893, 170, 'Uchiza'),
(3894, 170, 'Cajamarca Region'),
(3895, 170, 'Puno Region'),
(3896, 170, 'San Juan de Marcona'),
(3897, 170, 'Arequipa Region'),
(3898, 170, 'Rodriquez de Mendoza'),
(3899, 170, 'Lima Province'),
(3900, 170, 'Tumbes Region'),
(3901, 170, 'Santa Maria'),
(3902, 170, 'Saposoa'),
(3903, 170, 'Leon Velarde'),
(3904, 170, 'Amazonas Region'),
(3905, 170, 'San Rafael'),
(3906, 170, 'La Libertad Region'),
(3907, 170, 'San Francisco'),
(3908, 170, 'Ica Region'),
(3909, 170, 'Shiringayoc'),
(3910, 170, 'Tacna Region'),
(3911, 170, 'Piura Region'),
(3912, 170, 'Madre de Dios Region'),
(3913, 170, 'Vitor'),
(3914, 228, 'Artigas'),
(3915, 228, 'Colonia'),
(3916, 228, 'Durazno'),
(3917, 228, 'Maldonado'),
(3918, 228, 'Melo'),
(3919, 228, 'Montevideo'),
(3920, 228, 'Punta del Este'),
(3921, 228, 'Paysandu'),
(3922, 228, 'Rivera'),
(3923, 228, 'Salto'),
(3924, 228, 'Tacuarembo'),
(3925, 228, 'Treinta y Tres'),
(3926, 228, 'Vichadero'),
(3927, 232, 'Acarigua'),
(3928, 232, 'Anzoategui'),
(3929, 232, 'Barinas State'),
(3930, 232, 'Aragua'),
(3931, 232, 'Barquisimeto'),
(3932, 232, 'Bolivar'),
(3933, 232, 'Caicara del Orinoco'),
(3934, 232, 'Guarico'),
(3935, 232, 'Canaima'),
(3936, 232, 'Lara'),
(3937, 232, 'Carupano'),
(3938, 232, 'Falcon'),
(3939, 232, 'El Dorado'),
(3940, 232, 'Apure'),
(3941, 232, 'Caracas Lacar'),
(3942, 232, 'Portuguesa'),
(3943, 232, 'Tachira'),
(3944, 232, 'Zulia'),
(3945, 232, 'Merida'),
(3946, 232, 'Isla Margarita'),
(3947, 232, 'Vargas (near Caracas)'),
(3948, 232, 'Monagas'),
(3949, 232, 'Carabobo'),
(3950, 232, 'Yaracuy'),
(3951, 232, 'San Tome'),
(3952, 232, 'Santa Barbara del Zulia'),
(3953, 232, 'Delta Amacuro'),
(3954, 232, 'Tumeremo'),
(3955, 232, 'El Vigia'),
(3956, 94, 'Annai'),
(3957, 94, 'Baramita'),
(3958, 94, 'Bartica'),
(3959, 94, 'Ogle'),
(3960, 94, 'Imbaimadai'),
(3961, 94, 'Kamarang'),
(3962, 94, 'Karanambo'),
(3963, 94, 'Karasabai'),
(3964, 94, 'Kato'),
(3965, 94, 'Lethem'),
(3966, 94, 'Mabaruma'),
(3967, 94, 'Mahdia'),
(3968, 94, 'Guyana'),
(3969, 94, 'New Amsterdam'),
(3970, 94, 'Orinduik'),
(3971, 94, 'Paruima'),
(3972, 10, 'Antigua'),
(3973, 10, 'Barbuda'),
(3974, 20, 'Bridgetown'),
(3975, 62, 'Roseau'),
(3976, 62, 'Marigot'),
(3977, 89, 'La Desirade'),
(3978, 89, 'Basse-Terre'),
(3979, 89, 'Grande-Terre'),
(3980, 89, 'Marie-Galante'),
(3981, 89, 'Les Saintes'),
(3982, 136, 'Fort-de-France'),
(3983, 88, 'Grenville'),
(3984, 88, 'St. George\\''s'),
(3985, 88, 'Carriacou Island'),
(3986, 235, 'St. Thomas'),
(3987, 235, 'St. Croix'),
(3988, 175, 'Arecibo'),
(3989, 175, 'Aquadilla Borinquen'),
(3990, 175, 'Vieques'),
(3991, 175, 'Culebra'),
(3992, 175, 'Fajardo'),
(3993, 175, 'San Juan'),
(3994, 175, 'Mayaguez'),
(3995, 175, 'Ceiba'),
(3996, 175, 'Ponce'),
(3997, 182, 'Saint Kitts'),
(3998, 182, 'Nevis'),
(3999, 183, 'Saint Lucia'),
(4000, 152, 'Bonaire'),
(4001, 152, 'Sint Eustatius'),
(4002, 152, 'Saba'),
(4003, 13, 'Aruba'),
(4004, 152, 'Curacao'),
(4005, 152, 'Curacao'),
(4006, 152, 'Sint Maarten'),
(4007, 8, 'The Valley'),
(4008, 145, 'Gerald\\''s Park'),
(4009, 217, 'Tobago'),
(4010, 234, 'Anegada'),
(4011, 234, 'Beef Island / Tortola'),
(4012, 234, 'Virgin Gorda'),
(4013, 185, 'Grenadines'),
(4014, 185, 'Saint Vincent'),
(4015, 25, 'Ferry Reach'),
(4016, 152, 'Grand Case'),
(4017, 179, 'Russia'),
(4018, 179, 'Belarus'),
(4019, 111, 'Kazakhstan'),
(4020, 117, 'Kyrgyzstan'),
(4021, 117, 'Tamchy, Kyrgyzstan'),
(4022, 16, 'Baku'),
(4023, 16, 'Ganja'),
(4024, 16, 'Nakhchivan'),
(4025, 16, 'Lenkoran'),
(4026, 16, 'Zagatala'),
(4027, 16, 'Yevlakh'),
(4028, 82, 'Abkhazia'),
(4029, 224, 'Ukraine'),
(4030, 220, 'Turkmenistan'),
(4031, 211, 'Tajikistan'),
(4032, 229, 'Uzbekistan'),
(4033, 101, 'Karnataka'),
(4034, 101, 'Gujarat'),
(4035, 101, 'Maharashtra'),
(4036, 101, 'Chhattisgarh'),
(4037, 101, 'Gujarat, India'),
(4038, 101, 'Madhya Pradesh'),
(4039, 101, 'Daman & Diu'),
(4040, 101, 'Daparizo'),
(4041, 101, 'Guna'),
(4042, 101, 'Goa'),
(4043, 101, 'Rajasthan'),
(4044, 101, 'Arunachal Pradesh'),
(4045, 101, 'Tripura'),
(4046, 101, 'Mizoram'),
(4047, 101, 'West Bengal'),
(4048, 101, 'Meghalaya'),
(4049, 101, 'Orissa'),
(4050, 101, 'Assam'),
(4051, 101, 'Jharkhand'),
(4052, 101, 'Uttar Pradesh'),
(4053, 101, 'Bihar'),
(4054, 101, 'Manipur'),
(4055, 101, 'Nagaland'),
(4056, 101, 'Andhra Pradesh'),
(4057, 101, 'Haryana'),
(4058, 101, 'Punjab'),
(4059, 101, 'Himachal Pradesh'),
(4060, 101, 'Haryana and Punjab'),
(4061, 101, 'Delhi'),
(4062, 101, 'Uttarakhand'),
(4063, 101, 'New Delhi'),
(4064, 101, 'Jammu'),
(4065, 101, 'Jammu and Kashmir'),
(4066, 101, 'Uttarlai'),
(4067, 101, 'Tamil Nadu'),
(4068, 101, 'Kerala'),
(4069, 101, 'Car Nicobar'),
(4070, 101, 'Neyvafli'),
(4071, 101, 'Port Blair'),
(4072, 101, 'Puducherry'),
(4073, 202, 'Western Province'),
(4074, 202, 'North Central Province'),
(4075, 202, 'Eastern'),
(4076, 202, 'Gal Oya'),
(4077, 202, 'Northern'),
(4078, 202, 'Southern Province'),
(4079, 202, 'Hambantota'),
(4080, 37, 'Battambang'),
(4081, 37, 'Kampong Cham'),
(4082, 37, 'Kompong Chhnang'),
(4083, 37, 'Koh Kong Province'),
(4084, 37, 'Kratie'),
(4085, 37, 'Mondulkiri'),
(4086, 37, 'Phnom Penh'),
(4087, 37, 'Ratanankiri'),
(4088, 37, 'Siem Reap'),
(4089, 37, 'Stung Treng'),
(4090, 37, 'Sihanoukville'),
(4091, 19, 'Barisal'),
(4092, 19, 'Cox\\''s Bazar'),
(4093, 19, 'Ishurdi'),
(4094, 19, 'Khulna'),
(4095, 19, 'Shamshernagar'),
(4096, 98, 'Chek Lap Kok'),
(4097, 98, 'Kowloon'),
(4098, 98, 'Shek Kong'),
(4099, 98, 'Sheung Wan'),
(4100, 118, 'Vientiane'),
(4101, 118, 'Attopeu'),
(4102, 118, 'Ban Hat Tai'),
(4103, 118, 'Khong Island'),
(4104, 118, 'Luang Prabang'),
(4105, 118, 'Luang Namtha'),
(4106, 118, 'Muang Xay'),
(4107, 118, 'Pakse'),
(4108, 118, 'Sayaboury'),
(4109, 118, 'Savannakhet'),
(4110, 118, 'Sam Neua'),
(4111, 118, 'Saravane'),
(4112, 118, 'Thakhek'),
(4113, 118, 'Vientiane (Viangchan)'),
(4114, 118, 'Xieng Khouang'),
(4115, 127, 'Taipa Island (Ilha da Taipa)'),
(4116, 151, 'Bajhang'),
(4117, 151, 'Bhojpur'),
(4118, 151, 'Baglung'),
(4119, 151, 'Bharatpur'),
(4120, 151, 'Bajura'),
(4121, 151, 'Baitadi'),
(4122, 151, 'Bhairahawa'),
(4123, 151, 'Dolpa'),
(4124, 151, 'Jumla'),
(4125, 151, 'Kathmandu'),
(4126, 151, 'Lamidanda'),
(4127, 151, 'Lukla'),
(4128, 151, 'Langtang'),
(4129, 151, 'Manang'),
(4130, 151, 'Meghauli'),
(4131, 151, 'Mahendranagar'),
(4132, 151, 'Nepalgunj'),
(4133, 151, 'Pokhara'),
(4134, 151, 'Phaplu'),
(4135, 151, 'Rajbiraj'),
(4136, 151, 'Ramechhap'),
(4137, 151, 'Rukumkot'),
(4138, 151, 'Rolpa'),
(4139, 151, 'Rumjatar'),
(4140, 151, 'Syanboche'),
(4141, 151, 'Surkhet'),
(4142, 151, 'Sanfebagar'),
(4143, 151, 'Simikot'),
(4144, 151, 'Taplejung'),
(4145, 151, 'Tikapur'),
(4146, 151, 'Tumlingtar'),
(4147, 151, 'Biratnagar'),
(4148, 26, 'Paro'),
(4149, 26, 'Thimbu'),
(4150, 132, 'Seenu Atoll'),
(4151, 132, 'Haa Dhaalu Atoll'),
(4152, 132, 'Laamu Atoll'),
(4153, 132, 'North Male Atoll'),
(4154, 132, 'Gaafu Dhaalu Atoll'),
(4155, 213, 'Chantaburi (Chanthaburi)'),
(4156, 213, 'Bangkok'),
(4157, 213, 'Pattaya'),
(4158, 213, 'Kanchanaburi'),
(4159, 213, 'Lopburi'),
(4160, 213, 'Prachuap Khiri Khan'),
(4161, 213, 'Trat'),
(4162, 213, 'Samut Prakan (near Bangkok)'),
(4163, 213, 'Chonburi (Chon Buri)'),
(4164, 213, 'Rayong (near Pattaya)'),
(4165, 213, 'Watthana Nakhon / Prachin Buri'),
(4166, 213, 'Chiang Mai'),
(4167, 213, 'Mae Hong Son'),
(4168, 213, 'Lampang'),
(4169, 213, 'Nan'),
(4170, 213, 'Lamphun'),
(4171, 213, 'Phrae'),
(4172, 213, 'Chiang Rai'),
(4173, 213, 'Mae Sariang'),
(4174, 213, 'Phetchabun'),
(4175, 213, 'Hua Hin / Prachuap Khiri Khan'),
(4176, 213, 'Nakhon Sawan'),
(4177, 213, 'Lom Sak / Phetchabun'),
(4178, 213, 'Mae Sot'),
(4179, 213, 'Sukhothai'),
(4180, 213, 'Phitsanulok'),
(4181, 213, 'Photharam'),
(4182, 213, 'Tak'),
(4183, 213, 'Uttaradit'),
(4184, 213, 'Phumipol Dam / Khuan Phumiphon'),
(4185, 213, 'Surat Thani'),
(4186, 213, 'Narathiwat'),
(4187, 213, 'Chumphon'),
(4188, 213, 'Nakhon Si Thammarat'),
(4189, 213, 'Krabi'),
(4190, 213, 'Songkhla'),
(4191, 213, 'Pattani'),
(4192, 213, 'Ko Samui (Ko Samui)'),
(4193, 213, 'Phuket'),
(4194, 213, 'Ranong'),
(4195, 213, 'Hat Yai / Songkhla'),
(4196, 213, 'Trang'),
(4197, 213, 'Udon Thani'),
(4198, 213, 'Sakon Nakhon'),
(4199, 213, 'Surin'),
(4200, 213, 'Khon Kaen'),
(4201, 213, 'Loei'),
(4202, 213, 'Nakhon Ratchasima (Khorat)'),
(4203, 213, 'Buriram (Buri Ram)'),
(4204, 213, 'Roi Et (Roiet)'),
(4205, 213, 'Ubon Ratchathani'),
(4206, 213, 'Nakhon Phanom'),
(4207, 233, 'Buon Ma Thuot'),
(4208, 233, 'Hai Phong'),
(4209, 233, 'Da Lat'),
(4210, 233, 'Ca Mau'),
(4211, 233, 'Nha Trang'),
(4212, 233, 'Con Dao'),
(4213, 233, 'Can Tho'),
(4214, 233, 'Dien Bien Phu'),
(4215, 233, 'Da Nang'),
(4216, 233, 'Hanoi'),
(4217, 233, 'Son La'),
(4218, 233, 'Hue'),
(4219, 233, 'Qui Nhon'),
(4220, 233, 'Pleiku'),
(4221, 233, 'Phu Quoc'),
(4222, 233, 'Phan Thiet'),
(4223, 233, 'Rach Gia'),
(4224, 233, 'Tuy Hoa'),
(4225, 233, 'Ho Chi Minh City'),
(4226, 233, 'Vinh'),
(4227, 148, 'Anisakan'),
(4228, 148, 'Bagan (Pagan)'),
(4229, 148, 'Bhamo'),
(4230, 148, 'Coco Island'),
(4231, 148, 'Mandalay'),
(4232, 148, 'Dawei (Tavoy)'),
(4233, 148, 'Naypyidaw'),
(4234, 148, 'Gangaw'),
(4235, 148, 'Gwa'),
(4236, 148, 'Hmawby'),
(4237, 148, 'Heho'),
(4238, 148, 'Homalin (Hommalin)'),
(4239, 148, 'Tilin'),
(4240, 148, 'Kengtung (Kengtong)'),
(4241, 148, 'Khamti'),
(4242, 148, 'Kalaymyo (Kalemyo)'),
(4243, 148, 'Kyaukpyu');
INSERT INTO `master_locations` (`location_id`, `country_id`, `location_name`) VALUES
(4244, 148, 'Kawthaung (Kawthoung)'),
(4245, 148, 'Kyauktu'),
(4246, 148, 'Loikaw'),
(4247, 148, 'Lashio'),
(4248, 148, 'Lanywa'),
(4249, 148, 'Myeik (Mergui)'),
(4250, 148, 'Myitkyina (Pamti)'),
(4251, 148, 'Meiktila'),
(4252, 148, 'Mawlamyaing (Mawlamyine)'),
(4253, 148, 'Manaung'),
(4254, 148, 'Momeik'),
(4255, 148, 'Monghsat (Mong Hsat)'),
(4256, 148, 'Mong-Tong (Hong Ton)'),
(4257, 148, 'Magwe'),
(4258, 148, 'Monywar'),
(4259, 148, 'Myitkyina'),
(4260, 148, 'Namsang'),
(4261, 148, 'Namtu'),
(4262, 148, 'Hpa-An (Pa-An)'),
(4263, 148, 'Pauk'),
(4264, 148, 'Pathein (Bassein)'),
(4265, 148, 'Hpapun'),
(4266, 148, 'Putao'),
(4267, 148, 'Pakokku'),
(4268, 148, 'Pyay (Prome)'),
(4269, 148, 'Shante'),
(4270, 148, 'Sittwe'),
(4271, 148, 'Thandwe'),
(4272, 148, 'Tachilek (Tachileik)'),
(4273, 148, 'Ye'),
(4274, 148, 'Yangon (Rangoon)'),
(4275, 102, 'South Sulawesi'),
(4276, 102, 'Bau Bau'),
(4277, 102, 'West Sulawesi'),
(4278, 102, 'Masamba'),
(4279, 102, 'Soroako'),
(4280, 102, 'South East Sulawesi'),
(4281, 102, 'Papua'),
(4282, 102, 'Moanamani'),
(4283, 102, 'Noemfoor'),
(4284, 102, 'Wagethe'),
(4285, 102, 'Nabire'),
(4286, 102, 'Ilaga (Papua)'),
(4287, 102, 'Tembagapura'),
(4288, 102, 'Enarotali'),
(4289, 102, 'Lombok'),
(4290, 102, 'Arso'),
(4291, 102, 'Bokondini'),
(4292, 102, 'Lereh'),
(4293, 102, 'Mulia'),
(4294, 102, 'Oksibil'),
(4295, 102, 'Waris'),
(4296, 102, 'Senggeh'),
(4297, 102, 'Wamena'),
(4298, 102, 'Mindiptana'),
(4299, 102, 'Bade'),
(4300, 102, 'Merauke'),
(4301, 102, 'Okaba'),
(4302, 102, 'Kepi'),
(4303, 102, 'Tanah Merah'),
(4304, 102, 'East Kalimantan'),
(4305, 102, 'Galela'),
(4306, 102, 'Naha'),
(4307, 102, 'Toli Toli'),
(4308, 102, 'Central Sulawesi'),
(4309, 102, 'North Sulawesi'),
(4310, 102, 'Melangguane'),
(4311, 102, 'Maluku Islands'),
(4312, 102, 'West Papua'),
(4313, 102, 'Dobo'),
(4314, 102, 'Mangole Island'),
(4315, 102, 'Saumlaki'),
(4316, 102, 'Langgur'),
(4317, 102, 'Sanana'),
(4318, 102, 'Maluku'),
(4319, 102, 'Namlea'),
(4320, 102, 'Taliabu'),
(4321, 102, 'Madiun'),
(4322, 102, 'Sidoarjo (near Surabaya)'),
(4323, 102, 'Ransiki'),
(4324, 102, 'Kebar'),
(4325, 102, 'Fak Fak'),
(4326, 102, 'Inanwatan'),
(4327, 102, 'Kaimana'),
(4328, 102, 'Merdei'),
(4329, 102, 'Babo'),
(4330, 102, 'Manokwari'),
(4331, 102, 'Sorong'),
(4332, 102, 'Teminabuan'),
(4333, 102, 'Wasior'),
(4334, 102, 'East Nusa Tenggara'),
(4335, 102, 'Aceh'),
(4336, 102, 'East Java'),
(4337, 102, 'Riau'),
(4338, 102, 'Sipura'),
(4339, 102, 'Tanjung Balai'),
(4340, 102, 'Banten'),
(4341, 102, 'West Java'),
(4342, 102, 'Riau Islands'),
(4343, 102, 'Jakarta'),
(4344, 102, 'Central Java'),
(4345, 102, 'Banten (near Jakarta)'),
(4346, 102, 'Yogyakarta (special region)'),
(4347, 102, 'Lampung'),
(4348, 102, 'Tanjung Pandan'),
(4349, 102, 'Bangka-Belitung Islands'),
(4350, 102, 'South Sumatra'),
(4351, 102, 'North Sumatra'),
(4352, 102, 'Padang Sidempuan'),
(4353, 102, 'West Sumatra'),
(4354, 102, 'Kalimantan'),
(4355, 102, 'Ketapang'),
(4356, 102, 'Riau Province'),
(4357, 102, 'West Kalimantan'),
(4358, 102, 'Putussibau'),
(4359, 102, 'Sintang'),
(4360, 102, 'Jambi'),
(4361, 102, 'Bengkulu'),
(4362, 102, 'Pendopo'),
(4363, 102, 'Sumatra'),
(4364, 102, 'Keluang'),
(4365, 102, 'Tapak Tuan'),
(4366, 102, 'Primapun'),
(4367, 102, 'South Kalimantan'),
(4368, 102, 'Pangkalan Bun'),
(4369, 102, 'Kotabaru'),
(4370, 102, 'Central Kalimantan'),
(4371, 102, 'Sampit'),
(4372, 102, 'Atambua'),
(4373, 102, 'Bajawa'),
(4374, 102, 'Maumere'),
(4375, 102, 'Ruteng'),
(4376, 102, 'Larantuka'),
(4377, 102, 'Labuhan Bajo'),
(4378, 102, 'Long Bawan'),
(4379, 102, 'Bontang'),
(4380, 102, 'Tanah Grogot'),
(4381, 102, 'Long Apung'),
(4382, 102, 'Tanjung Santan'),
(4383, 102, 'West Nusa Tenggara'),
(4384, 102, 'Bima'),
(4385, 102, 'Cepu'),
(4386, 102, 'Sumenep'),
(4387, 33, 'Anduki / Seria'),
(4388, 33, 'Bandar Seri Begawan'),
(4389, 131, 'Long Atip'),
(4390, 131, 'Sarawak'),
(4391, 131, 'Long Geng'),
(4392, 131, 'Long Akah'),
(4393, 131, 'Sematan'),
(4394, 131, 'Lio Matu'),
(4395, 131, 'Tanjung Manis'),
(4396, 131, 'Sabah'),
(4397, 131, 'Telupid'),
(4398, 131, 'Tommanggong'),
(4399, 131, 'Sepulot'),
(4400, 131, 'Pamol'),
(4401, 131, 'Negeri Sembilan'),
(4402, 131, 'Johor'),
(4403, 131, 'Pahang'),
(4404, 131, 'Perak'),
(4405, 131, 'Grik'),
(4406, 131, 'Jendarata'),
(4407, 131, 'Sungai Tiang'),
(4408, 131, 'Sungei Patani'),
(4409, 131, 'Ulu Bernam'),
(4410, 131, 'Kroh'),
(4411, 131, 'Selangor'),
(4412, 131, 'Gong Kedak Terengganu'),
(4413, 131, 'Kedah'),
(4414, 131, 'Penang'),
(4415, 131, 'Kelantan'),
(4416, 131, 'Terengganu'),
(4417, 131, 'Kuala Lumpur'),
(4418, 131, 'Malacca'),
(4419, 131, 'Lutong'),
(4420, 131, 'Pulau Pangkor'),
(4421, 131, 'Pulau Redang'),
(4422, 64, 'Atauro'),
(4423, 64, 'Suai'),
(4424, 64, 'Dili'),
(4425, 64, 'Baucau'),
(4426, 64, 'Fuiloro'),
(4427, 64, 'Maliana'),
(4428, 64, 'Oecussi'),
(4429, 64, 'Viqueque'),
(4430, 194, 'Singapore'),
(4431, 194, 'Tengah'),
(4432, 194, 'Seletar'),
(4433, 194, 'Changi'),
(4434, 14, 'Western Australia'),
(4435, 14, 'Queensland'),
(4436, 14, 'New South Wales'),
(4437, 14, 'Northern Territory'),
(4438, 14, 'Cobar'),
(4439, 14, 'Tasmania'),
(4440, 14, 'South Australia'),
(4441, 14, 'Australia'),
(4442, 14, 'Victoria near Ballan'),
(4443, 14, 'Cocos (Keeling) Islands'),
(4444, 14, 'Christmas Island'),
(4445, 14, 'Australian Capital Territory'),
(4446, 14, 'Norfolk Island'),
(4447, 45, 'Beijing'),
(4448, 45, 'Inner Mongolia'),
(4449, 45, 'Shanxi'),
(4450, 45, 'Hebei'),
(4451, 45, 'Tianjin'),
(4452, 45, 'Guangxi'),
(4453, 45, 'Guangdong'),
(4454, 45, 'Hunan'),
(4455, 45, 'Henan'),
(4456, 45, 'Hubei'),
(4457, 45, 'Hainan'),
(4458, 45, 'Gansu'),
(4459, 45, 'Qinghai'),
(4460, 45, 'Shaanxi'),
(4461, 45, 'Ningxia'),
(4462, 45, 'Shandong'),
(4463, 45, 'Yunnan'),
(4464, 45, 'Fujian'),
(4465, 45, 'Anhui'),
(4466, 45, 'Jiangsu'),
(4467, 45, 'Jiangxi'),
(4468, 45, 'Zhejiang'),
(4469, 45, 'Shanghai'),
(4470, 45, 'Tibet Autonomous Region'),
(4471, 45, 'Chongqing'),
(4472, 45, 'Sichuan'),
(4473, 45, 'Guizhou'),
(4474, 45, 'Xinjiang'),
(4475, 45, 'Liaoning'),
(4476, 45, 'Jilin'),
(4477, 45, 'Heilongjiang'),
(4478, 114, 'Pyongyang'),
(4479, 144, 'Ovorkhangai'),
(4480, 144, 'Govi-Altai'),
(4481, 144, 'Bayankhongor'),
(4482, 144, 'Bulgan'),
(4483, 144, 'Khovd'),
(4484, 144, 'Sukhbaatar '),
(4485, 144, 'Dornod'),
(4486, 144, 'Omnogovi'),
(4487, 144, 'Dundgovi'),
(4488, 144, 'Khovsgol'),
(4489, 144, 'Arkhangai'),
(4490, 144, 'Ulan Bator (Ulaanbaatar)'),
(4491, 144, 'Uvs'),
(4492, 144, 'Khentii'),
(4493, 144, 'Bayan Olgii'),
(4494, 76, 'St. Jean'),
(4495, 19, 'Magura');

-- --------------------------------------------------------

--
-- Table structure for table `master_users`
--

CREATE TABLE IF NOT EXISTS `master_users` (
  `user_id` int(11) NOT NULL AUTO_INCREMENT,
  `full_name` varchar(255) CHARACTER SET utf8 COLLATE utf8_unicode_ci NOT NULL,
  `email` varchar(100) CHARACTER SET utf8 COLLATE utf8_unicode_ci NOT NULL,
  `pass` varchar(100) CHARACTER SET utf8 COLLATE utf8_unicode_ci NOT NULL,
  `telephone` varchar(100) CHARACTER SET utf8 COLLATE utf8_unicode_ci NOT NULL,
  `country_id` int(11) NOT NULL,
  `locality_id` int(11) NOT NULL,
  `postal_code` int(11) DEFAULT NULL,
  `other_add` varchar(255) CHARACTER SET utf8 COLLATE utf8_unicode_ci DEFAULT NULL,
  `user_type` tinyint(4) NOT NULL,
  `is_active` tinyint(4) NOT NULL,
  `is_admin` tinyint(4) NOT NULL,
  `is_facebook` int(11) NOT NULL DEFAULT '0',
  `wrong_login_attempt` int(11) NOT NULL,
  `created` datetime NOT NULL,
  `modified` datetime NOT NULL,
  PRIMARY KEY (`user_id`),
  UNIQUE KEY `email` (`email`)
) ENGINE=InnoDB  DEFAULT CHARSET=latin1 AUTO_INCREMENT=9 ;

--
-- Dumping data for table `master_users`
--

INSERT INTO `master_users` (`user_id`, `full_name`, `email`, `pass`, `telephone`, `country_id`, `locality_id`, `postal_code`, `other_add`, `user_type`, `is_active`, `is_admin`, `is_facebook`, `wrong_login_attempt`, `created`, `modified`) VALUES
(1, 'Lopamudra', 'lopalori@gmail.com', 'f23301ff502820474f0fbc45fc6fca31', '123456', 31, 3648, NULL, NULL, 1, 0, 0, 0, 0, '2015-01-15 11:48:48', '2015-01-15 11:48:48'),
(2, 'reter', 'retert@gdgdf.hju', '79b7cdcd14db14e9cb498f1793817d69', '546546', 3, 1754, NULL, NULL, 1, 0, 0, 0, 0, '2015-01-16 05:06:54', '2015-01-16 05:06:54'),
(3, 'hfgh', 'fghf@rwrew.ghy', '5b1b68a9abf4d2cd155c81a9225fd158', '543543', 3, 1754, NULL, NULL, 1, 0, 0, 0, 0, '2015-01-16 05:19:19', '2015-01-16 05:19:19'),
(4, 'ryry', 'yr@fdgd.kl', '992e63080ee1e47b99f42b8d64ede953', '56456', 19, 43, NULL, NULL, 1, 0, 0, 0, 0, '2015-01-16 05:21:22', '2015-01-16 05:21:22'),
(5, 'rtyrty', 'rtyrt@gdfg.kiuj', '5b1b68a9abf4d2cd155c81a9225fd158', '56456546', 4, 313, NULL, NULL, 1, 0, 0, 0, 0, '2015-01-16 05:22:27', '2015-01-16 05:22:27'),
(6, 'yrty', 'tryrtyr@gdfgd.hju', '7fa8282ad93047a4d6fe6111c93b308a', '213123123', 17, 2950, NULL, NULL, 1, 0, 0, 0, 0, '2015-01-16 05:23:48', '2015-01-16 05:23:48'),
(7, 'test mnnnn', 'test@gmail.com', 'e10adc3949ba59abbe56e057f20f883e', '1231231,2312312,1231231', 13, 4003, NULL, 'aaaaaa bbbbbbb cccccc ddd', 1, 0, 0, 0, 4, '2015-01-16 06:04:03', '2015-01-23 07:37:57'),
(8, '', '', '', '', 0, 0, NULL, NULL, 0, 0, 0, 0, 0, '2015-01-19 12:46:49', '2015-01-19 12:46:49');

-- --------------------------------------------------------

--
-- Table structure for table `master_user_types`
--

CREATE TABLE IF NOT EXISTS `master_user_types` (
  `ut_id` int(11) NOT NULL AUTO_INCREMENT,
  `user_type` varchar(10) CHARACTER SET utf8 COLLATE utf8_unicode_ci NOT NULL,
  PRIMARY KEY (`ut_id`)
) ENGINE=InnoDB  DEFAULT CHARSET=latin1 AUTO_INCREMENT=3 ;

--
-- Dumping data for table `master_user_types`
--

INSERT INTO `master_user_types` (`ut_id`, `user_type`) VALUES
(1, 'Buyer'),
(2, 'Sales Cler');

-- --------------------------------------------------------

--
-- Table structure for table `sales_add_parts`
--

CREATE TABLE IF NOT EXISTS `sales_add_parts` (
  `part_id` int(11) NOT NULL AUTO_INCREMENT,
  `brand_id` int(11) NOT NULL,
  `model_id` int(11) NOT NULL,
  `version` varchar(100) NOT NULL,
  `manufacture_yr` int(11) NOT NULL,
  `engine` int(11) NOT NULL,
  `identification_no` int(11) DEFAULT NULL,
  `name_piece` varchar(100) NOT NULL,
  `description` text,
  `part_no` int(11) DEFAULT NULL,
  `price` float DEFAULT NULL,
  `currency` int(11) DEFAULT NULL,
  `offer_parts` int(11) DEFAULT NULL,
  `country_id` int(11) NOT NULL,
  `location_id` int(11) NOT NULL,
  `file_name` varchar(100) DEFAULT NULL,
  `is_solved` tinyint(4) NOT NULL DEFAULT '0',
  `created` datetime NOT NULL,
  `modified` datetime NOT NULL,
  PRIMARY KEY (`part_id`)
) ENGINE=InnoDB  DEFAULT CHARSET=latin1 AUTO_INCREMENT=4 ;

--
-- Dumping data for table `sales_add_parts`
--

INSERT INTO `sales_add_parts` (`part_id`, `brand_id`, `model_id`, `version`, `manufacture_yr`, `engine`, `identification_no`, `name_piece`, `description`, `part_no`, `price`, `currency`, `offer_parts`, `country_id`, `location_id`, `file_name`, `is_solved`, `created`, `modified`) VALUES
(1, 1, 2, 'dfgdf', 0, 0, 0, 'dfg', 'dfgd', 0, 0, 0, 2, 18, 3219, 'Jellyfish - Copy.jpg', 0, '2015-01-20 13:41:38', '2015-01-20 13:41:38'),
(2, 1, 2, 'dfgdf', 0, 0, 0, '', '', NULL, NULL, 0, NULL, 18, 3219, '', 0, '2015-01-20 13:41:38', '2015-01-20 13:41:38'),
(3, 4, 5, 'trytr', 0, 0, 0, 'try', 'tryrt', 0, 0, 0, 2, 17, 2950, 'Desert.jpg', 0, '2015-01-20 13:43:31', '2015-01-20 13:43:31');

-- --------------------------------------------------------

--
-- Table structure for table `sales_advertisements`
--

CREATE TABLE IF NOT EXISTS `sales_advertisements` (
  `adv_id` int(11) NOT NULL AUTO_INCREMENT,
  `category_id` int(11) NOT NULL,
  `sub_cat_id` int(11) NOT NULL,
  `adv_name` varchar(100) NOT NULL,
  `adv_details` text,
  `adv_img` varchar(255) DEFAULT NULL,
  `adv_brand_id` varchar(100) DEFAULT NULL,
  `adv_model_id` varchar(100) NOT NULL,
  `product_cond` varchar(50) NOT NULL,
  `price` float NOT NULL,
  `currency` varchar(50) NOT NULL,
  `quantity` int(11) NOT NULL,
  `payment_mode` varchar(100) NOT NULL,
  `delivery_method` varchar(100) NOT NULL,
  `time_required` int(11) NOT NULL,
  `created` datetime NOT NULL,
  `modified` datetime NOT NULL,
  PRIMARY KEY (`adv_id`)
) ENGINE=InnoDB  DEFAULT CHARSET=latin1 AUTO_INCREMENT=18 ;

--
-- Dumping data for table `sales_advertisements`
--

INSERT INTO `sales_advertisements` (`adv_id`, `category_id`, `sub_cat_id`, `adv_name`, `adv_details`, `adv_img`, `adv_brand_id`, `adv_model_id`, `product_cond`, `price`, `currency`, `quantity`, `payment_mode`, `delivery_method`, `time_required`, `created`, `modified`) VALUES
(1, 1, 2, 'aaaa', '<p>ssss</p>\r\n', 'Tulips.jpg', '4', '5', 'new', 0, 'RON', 1, ',3,4', '', 1, '2015-01-19 12:55:45', '2015-01-19 12:55:45'),
(2, 1, 2, 'dfsad', '<p>asfda</p>\r\n', 'Desert.jpg,Jellyfish - Copy.jpg,Jellyfish.jpg', '1', '2', 'new', 0, 'RON', 33, '2', '', 1, '2015-01-19 13:59:46', '2015-01-19 13:59:46'),
(3, 1, 2, 'dasd', '<p>sadasd</p>\r\n', 'Desert.jpg,Koala.jpg,Lighthouse.jpg', '1', '2', 'new', 0, 'RON', 12, '2', '', 1, '2015-01-19 14:07:59', '2015-01-19 14:07:59'),
(4, 1, 2, 'dasd', '<p>sadasd</p>\r\n', 'Desert.jpg,Koala.jpg,Lighthouse.jpg', '1', '2', 'new', 0, 'RON', 12, '2', '', 1, '2015-01-19 14:14:20', '2015-01-19 14:14:20'),
(5, 1, 2, 'dasd', '<p>sadasd</p>\r\n', 'Desert.jpg,Koala.jpg,Lighthouse.jpg', '1', '2', 'new', 0, 'RON', 12, '2', '', 1, '2015-01-19 14:21:06', '2015-01-19 14:21:06'),
(6, 1, 2, 'aas', '<p>sss</p>\r\n', 'Tulips - Copy.jpg', '1', '3', 'new', 0, 'RON', 32, '1,3,1', '', 1, '2015-01-20 05:42:12', '2015-01-20 05:42:12'),
(7, 1, 2, 'aas', '<p>sss</p>\r\n', 'Tulips - Copy.jpg', '1', '3', 'new', 0, 'RON', 32, '1,3,1', '', 1, '2015-01-20 05:45:32', '2015-01-20 05:45:32'),
(8, 1, 2, 'aas', '<p>sss</p>\r\n', 'Tulips - Copy.jpg', '1', '3', 'new', 0, 'RON', 32, '1,3,1', '', 1, '2015-01-20 05:45:48', '2015-01-20 05:45:48'),
(9, 1, 2, 'aas', '<p>sss</p>\r\n', 'Tulips - Copy.jpg', '1', '3', 'new', 0, 'RON', 32, '1,3,1', '', 1, '2015-01-20 05:47:53', '2015-01-20 05:47:53'),
(10, 1, 2, 'aas', '<p>sss</p>\r\n', 'Tulips - Copy.jpg', '1', '3', 'new', 0, 'RON', 32, '1,3,1', '', 1, '2015-01-20 05:49:12', '2015-01-20 05:49:12'),
(11, 1, 2, 'aaa', '<p>dsad</p>\r\n', 'Desert.jpg', '4', '5', 'new', 0, 'RON', 3, '1,1', '', 1, '2015-01-20 05:56:29', '2015-01-20 05:56:29'),
(12, 1, 2, 'aasdsa', '<p>dsfsdf</p>\r\n', '', '4', '5', 'new', 0, 'RON', 234, '', '', 1, '2015-01-20 05:57:57', '2015-01-20 05:57:57'),
(13, 1, 2, 'aasdsa', '<p>dsfsdf</p>\r\n', '', '4', '5', 'new', 0, 'RON', 234, '', '', 1, '2015-01-20 05:59:43', '2015-01-20 05:59:43'),
(14, 1, 2, 'asda', '<p>sadas</p>\r\n', '', '4', '5', 'new', 3242, 'RON', 3, '4', '', 1, '2015-01-20 06:10:23', '2015-01-20 06:10:23'),
(15, 1, 2, 'asda', '<p>sadas</p>\r\n', '', '4', '5', 'new', 3242, 'RON', 3, '4', '', 1, '2015-01-20 06:16:50', '2015-01-20 06:16:50'),
(16, 3, 2, 'asda', '<p>sadas</p>\r\n', '', '4', '5', 'new', 3242, 'RON', 3, '4', '', 1, '2015-01-20 06:17:23', '2015-01-20 06:17:23'),
(17, 3, 2, 'eeeeeee', '<p>rrrrrrrrrrrrrrr rrrrrr</p>\r\n', 'Jellyfish.jpg', '4', '5', 'old', 3333, 'RON', 444, '2', '', 1, '2015-01-20 06:25:23', '2015-01-20 06:25:23');

-- --------------------------------------------------------

--
-- Table structure for table `sales_brands`
--

CREATE TABLE IF NOT EXISTS `sales_brands` (
  `brand_id` int(11) NOT NULL AUTO_INCREMENT,
  `brand_name` varchar(100) NOT NULL,
  `flag` int(11) NOT NULL,
  `status` int(11) NOT NULL DEFAULT '1',
  `created` datetime NOT NULL,
  `modified` datetime NOT NULL,
  PRIMARY KEY (`brand_id`)
) ENGINE=InnoDB  DEFAULT CHARSET=latin1 AUTO_INCREMENT=6 ;

--
-- Dumping data for table `sales_brands`
--

INSERT INTO `sales_brands` (`brand_id`, `brand_name`, `flag`, `status`, `created`, `modified`) VALUES
(1, 'BMW', 0, 1, '2015-01-19 14:22:55', '2015-01-19 14:22:58'),
(2, '80', 1, 1, '2015-01-19 14:23:21', '2015-01-19 14:23:23'),
(3, '100', 1, 1, '2015-01-19 14:23:37', '2015-01-19 14:23:40'),
(4, 'MARUTI SUZUKI', 0, 1, '2015-01-19 14:23:56', '2015-01-19 14:23:59'),
(5, '800', 4, 1, '2015-01-19 14:53:28', '2015-01-19 14:53:30');

-- --------------------------------------------------------

--
-- Table structure for table `sales_categories`
--

CREATE TABLE IF NOT EXISTS `sales_categories` (
  `category_id` int(11) NOT NULL AUTO_INCREMENT,
  `category_name` varchar(100) NOT NULL,
  `flag` int(11) DEFAULT NULL,
  `status` tinyint(4) NOT NULL DEFAULT '1' COMMENT '0=>Inactive, 1=>Active',
  `created` datetime NOT NULL,
  `modified` datetime NOT NULL,
  PRIMARY KEY (`category_id`)
) ENGINE=InnoDB  DEFAULT CHARSET=latin1 AUTO_INCREMENT=4 ;

--
-- Dumping data for table `sales_categories`
--

INSERT INTO `sales_categories` (`category_id`, `category_name`, `flag`, `status`, `created`, `modified`) VALUES
(1, 'Auto Interior', 0, 1, '2015-01-17 11:42:47', '2015-01-17 11:42:49'),
(2, 'Airbag', 1, 1, '2015-01-17 11:43:02', '2015-01-17 11:43:05'),
(3, 'abc', 0, 1, '2015-01-21 14:36:26', '2015-01-21 14:36:29');

-- --------------------------------------------------------

--
-- Table structure for table `sales_subcategories`
--

CREATE TABLE IF NOT EXISTS `sales_subcategories` (
  `subcategory_id` int(11) NOT NULL,
  `subcategory_name` varchar(255) NOT NULL,
  `category_id` int(11) NOT NULL,
  `created` datetime NOT NULL,
  `modified` datetime NOT NULL
) ENGINE=InnoDB DEFAULT CHARSET=latin1;

--
-- Dumping data for table `sales_subcategories`
--

